celebrity_name,ballroom_partner,season,placement,celebrity_age_during_season,age_bracket,celebrity_industry,industry_cluster,celebrity_homestate,region,wiki_pageviews,star_power_index,pro_experience,win_rate,top3_rate,avg_placement,first_week_score,improvement_rate,score_volatility,peak_score,weeks_competed
John O'Hurley,Charlotte Jorgensen,1,2,50,Mature (45-54),Actor/Actress,Entertainment,Maine,Northeast,954.3928571428571,6.245223996359504,0,0.0,1.0,2.0,6.666666666666667,0.33333333333333365,0.9312808119022337,9.0,6
Kelly Monaco,Alec Mazo,1,1,29,Prime (25-34),Actor/Actress,Entertainment,Pennsylvania,Northeast,529.25,3.457716057493392,0,0.2,0.2,8.4,4.333333333333333,0.9238095238095235,1.6823337699696352,9.166666666666666,6
Evander Holyfield,Edyta Sliwinska,1,5,42,Mid (35-44),Athlete,Sports,Alabama,Southeast,3338.535714285714,21.877186359174207,0,0.0,0.18181818181818182,7.545454545454546,6.0,-0.8333333333333345,0.7200822998230957,6.0,3
Rachel Hunter,Jonathan Roberts,1,4,35,Mid (35-44),Model,Media,,International,1702.4642857142858,11.15005777387039,0,0.0,0.14285714285714285,8.714285714285714,6.666666666666667,0.566666666666665,0.7592027982620247,8.666666666666666,4
Joey McIntyre,Ashly DelGrosso,1,3,32,Prime (25-34),Singer/Rapper,Entertainment,Massachusetts,Northeast,1196.7857142857142,7.834506286437151,0,0.0,0.25,7.25,6.666666666666667,0.13333333333333286,0.3399346342395188,7.5,5
Trista Sutter,Louis van Amstel,1,6,32,Prime (25-34),TV Personality,Entertainment,Indiana,Midwest,234.71428571428572,1.526551913354545,0,0.0,0.09090909090909091,7.0,6.0,0.33333333333333215,0.16666666666666652,6.333333333333333,2
Tatum O'Neal,Nick Kosovich,2,9,42,Mid (35-44),Actor/Actress,Entertainment,California,West,2885.964285714286,18.909839198445766,0,0.0,0.0,8.5,7.666666666666667,-2.0,1.0,7.666666666666667,2
Tia Carrere,Maksim Chmerkoskiy,2,6,39,Mid (35-44),Actor/Actress,Entertainment,Hawaii,West,1955.25,12.80748226910681,0,0.058823529411764705,0.29411764705882354,6.0,6.666666666666667,0.23333333333333234,0.7302967433402214,8.666666666666666,5
George Hamilton,Edyta Sliwinska,2,5,66,Senior (55+),Actor/Actress,Entertainment,Tennessee,Southeast,11.857142857142858,0.06535823572311525,1,0.0,0.18181818181818182,7.545454545454546,6.0,0.28571428571428603,0.6285393610547089,8.0,6
Lisa Rinna,Louis van Amstel,2,4,42,Mid (35-44),Actor/Actress,Entertainment,California,West,1899.5,12.441949684045486,1,0.0,0.09090909090909091,7.0,6.333333333333333,0.4345238095238101,0.9937446073671051,9.0,7
Stacy Keibler,Tony Dovolani,2,3,26,Prime (25-34),Athlete,Sports,Maryland,Southeast,1386.75,9.080033397225865,0,0.047619047619047616,0.14285714285714285,7.666666666666667,7.333333333333333,0.2070059523809533,0.8237554330351098,10.0,8
Jerry Rice,Anna Trebunskaya,2,2,43,Mid (35-44),Athlete,Sports,Mississippi,Southeast,2491.1428571428573,16.321137899372776,0,0.0,0.18181818181818182,8.181818181818182,7.0,0.15145317460317492,0.7346303503104282,8.888866666666667,8
Giselle Fernandez,Jonathan Roberts,2,8,44,Mid (35-44),News Anchor,Media,,International,11.178571428571429,0.060909088307250316,1,0.0,0.14285714285714285,8.714285714285714,7.666666666666667,-0.16666666666666655,0.2721655269759088,8.0,3
Master P,Ashly DelGrosso,2,7,35,Mid (35-44),Singer/Rapper,Entertainment,Louisiana,Southeast,1426.25,9.339020609959897,1,0.0,0.25,7.25,4.0,-0.4666666666666672,0.9860132971832694,5.333333333333333,4
Drew Lachey,Cheryl Burke,2,1,29,Prime (25-34),Singer/Rapper,Entertainment,Ohio,Midwest,457.17857142857144,2.985169768797843,0,0.08,0.32,5.8,8.0,0.18055000000000002,0.5492181947879288,10.0,8
Kenny Mayne,Andrea Hale,2,10,46,Mature (45-54),Sports Broadcaster,Sports,Washington,West,86.89285714285714,0.5573402736563899,0,0.0,0.0,10.0,4.333333333333333,,,,1
Harry Hamlin,Ashly DelGrosso,3,9,54,Mature (45-54),Actor/Actress,Entertainment,California,West,2098.6785714285716,13.747891533428579,2,0.0,0.25,7.25,5.666666666666667,0.8333333333333333,0.7200822998230954,7.333333333333333,3
Vivica A. Fox,Nick Kosovich,3,8,42,Mid (35-44),Actor/Actress,Entertainment,Indiana,Midwest,2144.8928571428573,14.050901889014328,1,0.0,0.0,8.5,7.333333333333333,0.2999999999999988,0.5951190357119043,9.0,4
Monique Coleman,Louis van Amstel,3,4,25,Prime (25-34),Actor/Actress,Entertainment,South Carolina,Southeast,277.2142857142857,1.8052090409797699,2,0.0,0.09090909090909091,7.0,6.333333333333333,0.1924603174603179,0.8836379191853541,9.0,8
Joey Lawrence,Edyta Sliwinska,3,3,30,Prime (25-34),Actor/Actress,Entertainment,Pennsylvania,Northeast,2208.3928571428573,14.4672484208779,2,0.0,0.18181818181818182,7.545454545454546,7.0,0.2111111111111112,0.9647419464911932,9.833333333333334,9
Mario Lopez,Karina Smirnoff,3,2,32,Prime (25-34),Actor/Actress,Entertainment,California,West,5228.107142857143,34.266422752783775,0,0.05555555555555555,0.2222222222222222,6.722222222222222,8.666666666666666,0.2484836363636365,0.9628254716890977,9.888866666666667,10
Emmitt Smith,Cheryl Burke,3,1,37,Mid (35-44),Athlete,Sports,Florida,Southeast,1619.857142857143,10.608432617402201,1,0.08,0.32,5.8,8.0,0.28484727272727284,1.0295602081795252,9.888866666666667,10
Shanna Moakler,Jesse DeSoto,3,10,31,Prime (25-34),Model,Media,Rhode Island,Northeast,1355.2142857142858,8.873265125214878,0,0.0,0.0,10.0,6.0,1.3333333333333313,0.6666666666666665,7.333333333333333,2
Willa Ford,Maksim Chmerkoskiy,3,7,25,Prime (25-34),Singer/Rapper,Entertainment,Florida,Southeast,315.0357142857143,2.053190468000873,1,0.058823529411764705,0.29411764705882354,6.0,7.333333333333333,0.5,0.8589399151150086,9.333333333333334,5
Sara Evans,Tony Dovolani,3,6,35,Mid (35-44),Singer/Rapper,Entertainment,Missouri,Midwest,927.1785714285714,6.066789768417974,1,0.047619047619047616,0.14285714285714285,7.666666666666667,5.0,0.5666666666666665,1.1737877907772674,8.333333333333334,5
Jerry Springer,Kym Johnson,3,5,62,Senior (55+),TV Personality,Entertainment,,International,4019.4285714285716,26.341554542514466,0,0.14285714285714285,0.2857142857142857,6.285714285714286,5.333333333333333,0.2619047619047622,0.8883218145798872,8.0,7
Tucker Carlson,Elena Grinenko,3,11,37,Mid (35-44),TV Personality,Entertainment,California,West,3340.035714285714,21.8870213166198,0,0.0,0.0,9.5,4.0,,,,1
John Ratzenberger,Edyta Sliwinska,4,6,59,Senior (55+),Actor/Actress,Entertainment,Connecticut,Northeast,1994.857142857143,13.067171978801243,3,0.0,0.18181818181818182,7.545454545454546,5.666666666666667,0.12500000000000003,0.703892642814023,7.5,7
Ian Ziering,Cheryl Burke,4,4,42,Mid (35-44),Actor/Actress,Entertainment,New Jersey,Northeast,493.89285714285717,3.2258920605614825,2,0.08,0.32,5.8,7.0,0.23611111111111113,0.75812924038736,9.666666666666666,9
Clyde Drexler,Elena Grinenko,4,8,44,Mid (35-44),Athlete,Sports,Louisiana,Southeast,832.6428571428571,5.446953283691949,1,0.0,0.0,9.5,5.333333333333333,-0.29999999999999993,0.5416025603090641,6.0,5
Laila Ali,Maksim Chmerkoskiy,4,3,29,Prime (25-34),Athlete,Sports,Florida,Southeast,1569.5714285714287,10.278727377321264,2,0.058823529411764705,0.29411764705882354,6.0,7.666666666666667,0.2464622222222222,1.0614426242723733,10.0,10
Apolo Anton Ohno,Julianne Hough,4,1,24,Young (18-24),Athlete,Sports,Washington,West,39.82142857142857,0.2487099423874437,0,0.4,0.4,4.2,7.0,0.2636339393939397,0.9401990333966527,10.0,10
Shandi Finnessey,Brian Fortuna,4,10,28,Prime (25-34),Beauty Pagent,Other,Missouri,Midwest,102.5,0.6596706642212834,0,0.0,0.0,10.0,6.333333333333333,0.3333333333333339,0.2721655269759088,7.0,3
Paulina Porizkova,Alec Mazo,4,11,41,Mid (35-44),Model,Media,,International,1428.107142857143,9.351197223940158,3,0.2,0.2,8.4,6.333333333333333,0.666666666666667,0.3333333333333335,7.0,2
Heather Mills,Jonathan Roberts,4,7,39,Mid (35-44),Model,Media,,International,2424.5,15.884184790004145,3,0.0,0.14285714285714285,8.714285714285714,6.0,0.14285714285714385,0.7049209744694179,8.0,6
Billy Ray Cyrus,Karina Smirnoff,4,5,45,Mature (45-54),Singer/Rapper,Entertainment,Kentucky,Southeast,2387.035714285714,15.638545019517707,1,0.05555555555555555,0.2222222222222222,6.722222222222222,4.333333333333333,0.11111111111111184,0.881917103688197,7.0,8
Joey Fatone,Kym Johnson,4,2,30,Prime (25-34),Singer/Rapper,Entertainment,New York,Northeast,1153.2142857142858,7.54882418920793,1,0.14285714285714285,0.2857142857142857,6.285714285714286,8.0,0.21817878787878764,0.7433609862195711,10.0,10
Leeza Gibbons,Tony Dovolani,4,9,50,Mature (45-54),TV Personality,Entertainment,South Carolina,Southeast,286.42857142857144,1.8656237795741464,2,0.047619047619047616,0.14285714285714285,7.666666666666667,5.0,0.20000000000000018,1.224744871391589,8.0,4
Cameron Mathison,Edyta Sliwinska,5,5,38,Mid (35-44),Actor/Actress,Entertainment,,International,1052.5714285714287,6.8889453777391205,4,0.0,0.18181818181818182,7.545454545454546,7.0,0.23412698412698443,0.7168604389202189,9.0,8
Jane Seymour,Tony Dovolani,5,6,56,Senior (55+),Actor/Actress,Entertainment,,International,7461.928571428572,48.91278188015766,3,0.047619047619047616,0.14285714285714285,7.666666666666667,8.0,0.047619047619047554,0.6867716715169503,9.0,7
Sabrina Bryan,Mark Ballas,5,7,23,Young (18-24),Actor/Actress,Entertainment,California,West,398.4642857142857,2.600201434498793,0,0.14285714285714285,0.47619047619047616,5.190476190476191,8.666666666666666,0.03809523809523926,0.5443310539518174,10.0,6
Jennie Garth,Derek Hough,5,4,35,Mid (35-44),Actor/Actress,Entertainment,Illinois,Midwest,1664.3214285714287,10.899968855968089,0,0.35294117647058826,0.5294117647058824,2.9411764705882355,7.0,0.25,0.8502400209814069,9.666666666666666,9
Floyd Mayweather Jr. ,Karina Smirnoff,5,9,30,Prime (25-34),Athlete,Sports,Michigan,Midwest,,3.157047358442309,2,0.05555555555555555,0.2222222222222222,6.722222222222222,6.0,0.499999999999999,0.5951190357119043,7.666666666666667,4
Josie Maran,Alec Mazo,5,12,29,Prime (25-34),Model,Media,California,West,696.6428571428571,4.55525047529123,4,0.2,0.2,8.4,5.333333333333333,,,,1
Albert Reed,Anna Trebunskaya,5,11,22,Young (18-24),Model,Media,Florida,Southeast,3.1538461538461537,0.008293867247568273,3,0.0,0.18181818181818182,8.181818181818182,7.0,-8.881784197001252e-16,0.0,7.0,2
Helio Castroneves,Julianne Hough,5,1,32,Prime (25-34),Racing Driver,Sports,,International,10.535714285714286,0.05669410654485196,1,0.4,0.4,4.2,8.333333333333334,0.14646282828282806,0.6833311382810273,10.0,10
Mel B,Maksim Chmerkoskiy,5,2,32,Prime (25-34),Singer/Rapper,Entertainment,,International,2977.1428571428573,19.50766411174593,3,0.058823529411764705,0.29411764705882354,6.0,8.0,0.19595717171717172,0.7470909510003897,10.0,10
Wayne Newton,Cheryl Burke,5,10,65,Senior (55+),Singer/Rapper,Entertainment,Virginia,Southeast,2777.214285714286,18.196804783640044,3,0.08,0.32,5.8,6.333333333333333,-0.16666666666666655,0.5665577237325315,6.333333333333333,3
Marie Osmond,Jonathan Roberts,5,3,47,Mature (45-54),Singer/Rapper,Entertainment,Utah,West,1553.9285714285713,10.176162821102904,4,0.0,0.14285714285714285,8.714285714285714,7.0,0.08181818181818194,0.727438428093173,9.333333333333334,10
Mark Cuban,Kym Johnson,5,8,49,Mature (45-54),TV Personality,Entertainment,Pennsylvania,Northeast,5873.142857142857,38.49568862004359,2,0.14285714285714285,0.2857142857142857,6.285714285714286,7.0,0.1333333333333327,0.4521553322083511,7.333333333333333,5
Cristian de la Fuente,Cheryl Burke,6,3,34,Prime (25-34),Actor/Actress,Entertainment,,International,8.428571428571429,0.042878332990324015,4,0.08,0.32,5.8,7.0,0.22929292929292913,0.9166666666666666,9.5,10
Steve Guttenberg,Anna Trebunskaya,6,10,49,Mature (45-54),Actor/Actress,Entertainment,New York,Northeast,1365.9285714285713,8.943514821254851,4,0.0,0.18181818181818182,8.181818181818182,6.0,0.4999999999999997,0.6849348892187752,7.0,3
Priscilla Presley,Louis van Amstel,6,8,62,Senior (55+),Actor/Actress,Entertainment,New York,Northeast,6829.321428571428,44.76500566030421,5,0.0,0.09090909090909091,7.0,8.0,-0.16666666666666705,0.646357314322177,8.666666666666666,5
Marlee Matlin,Fabian Sanchez,6,7,42,Mid (35-44),Actor/Actress,Entertainment,Illinois,Midwest,1298.892857142857,8.50398588969809,0,0.0,0.0,7.0,7.333333333333333,-0.07619047619047563,0.41573970964154905,8.0,6
Shannon Elizabeth,Derek Hough,6,6,34,Prime (25-34),Actor/Actress,Entertainment,Texas,Southwest,3078.0714285714284,20.169416248442474,1,0.35294117647058826,0.5294117647058824,2.9411764705882355,7.0,0.1488095238095237,0.6658157835290269,9.333333333333334,7
Marissa Jaret Winokur,Tony Dovolani,6,4,35,Mid (35-44),Actor/Actress,Entertainment,New York,Northeast,422.35714285714283,2.7568582566679316,4,0.047619047619047616,0.14285714285714285,7.666666666666667,6.0,0.3333333333333332,0.9785070232313262,8.666666666666666,9
Jason Taylor,Edyta Sliwinska,6,2,33,Prime (25-34),Athlete,Sports,Pennsylvania,Northeast,3.75,0.012202632386202648,5,0.0,0.18181818181818182,7.545454545454546,7.333333333333333,0.14040404040404073,0.749258893099634,9.666666666666666,10
Kristi Yamaguchi,Mark Ballas,6,1,36,Mid (35-44),Athlete,Sports,California,West,430.07142857142856,2.807438037816712,1,0.14285714285714285,0.47619047619047616,5.190476190476191,9.0,0.0707070707070706,0.3958114029012639,10.0,10
Monica Seles,Jonathan Roberts,6,11,34,Prime (25-34),Athlete,Sports,,International,1091.357142857143,7.143249277403821,5,0.0,0.14285714285714285,8.714285714285714,5.0,-4.440892098500626e-16,0.0,5.0,2
Penn Jillette,Kym Johnson,6,12,53,Mature (45-54),Magician,Other,Massachusetts,Northeast,1297.8214285714287,8.496960920094093,3,0.14285714285714285,0.2857142857142857,6.285714285714286,5.333333333333333,0.33333333333333304,0.16666666666666696,5.666666666666667,2
Adam Carolla,Julianne Hough,6,9,43,Mid (35-44),Radio Personality,Other,California,West,1131.7142857142858,7.407856465821052,2,0.4,0.4,4.2,5.0,0.46666666666666684,0.7264831572567788,7.0,4
Mario,Karina Smirnoff,6,5,21,Young (18-24),Singer/Rapper,Entertainment,Maryland,Southeast,2604.214285714286,17.06250635824795,3,0.05555555555555555,0.2222222222222222,6.722222222222222,8.0,0.1547619047619051,0.6871842709362769,9.333333333333334,8
Ted McGinley,Inna Brayer,7,12,50,Mature (45-54),Actor/Actress,Entertainment,California,West,4009.0714285714284,26.273646503009157,0,0.0,0.0,12.0,6.166666666666667,,,,1
Cloris Leachman,Corky Ballas,7,7,82,Senior (55+),Actor/Actress,Entertainment,Iowa,Midwest,2545.214285714286,16.67566469872117,0,0.0,0.0,7.5,5.333333333333333,0.18095238095238142,0.957427107756338,7.333333333333333,6
Susan Lucci,Tony Dovolani,7,6,61,Senior (55+),Actor/Actress,Entertainment,New York,Northeast,1634.4642857142858,10.70420636967003,5,0.047619047619047616,0.14285714285714285,7.666666666666667,6.166666666666667,0.2559523809523808,0.6070261325705697,8.0,7
Cody Linley,Julianne Hough,7,4,18,Young (18-24),Actor/Actress,Entertainment,Texas,Southwest,195.07142857142858,1.2666280380066466,3,0.4,0.4,4.2,6.833333333333333,0.11666666666666654,0.71145824860365,9.333333333333334,9
Misty May-Treanor,Maksim Chmerkoskiy,7,10,31,Prime (25-34),Athlete,Sports,California,West,183.28571428571428,1.1893533723626768,5,0.058823529411764705,0.29411764705882354,6.0,7.0,-8.881784197001252e-16,0.0,7.0,2
Maurice Greene,Cheryl Burke,7,5,34,Prime (25-34),Athlete,Sports,Kansas,Midwest,3.269230769230769,0.009050402435691055,5,0.08,0.32,5.8,6.5,0.23611111111111166,0.9183223683555913,9.0,8
Warren Sapp,Kym Johnson,7,2,35,Mid (35-44),Athlete,Sports,Florida,Southeast,1092.0714285714287,7.147932590473153,4,0.14285714285714285,0.2857142857142857,6.285714285714286,7.166666666666667,0.13030303030303025,0.6922186552431728,9.166666666666666,10
Jeffrey Ross,Edyta Sliwinska,7,13,43,Mid (35-44),Comedian,Entertainment,New Jersey,Northeast,23.75,0.14333539832748482,6,0.0,0.18181818181818182,7.545454545454546,4.0,,,,1
Toni Braxton,Alec Mazo,7,8,40,Mid (35-44),Singer/Rapper,Entertainment,Maryland,Southeast,1515.857142857143,9.926542234507535,6,0.2,0.2,8.4,7.5,-0.06666666666666675,0.13333333333333358,7.666666666666667,5
Lance Bass,Lacey Schwimmer,7,3,29,Prime (25-34),Singer/Rapper,Entertainment,Mississippi,Southeast,1305.107142857143,8.544730713401274,0,0.0,0.3333333333333333,6.166666666666667,7.166666666666667,0.26565656565656554,0.9517527690179489,9.5,10
Kim Kardashian,Mark Ballas,7,11,27,Prime (25-34),TV Personality,Entertainment,California,West,15253.607142857143,100.00000000000001,2,0.14285714285714285,0.47619047619047616,5.190476190476191,6.166666666666667,-0.5,0.25,6.166666666666667,2
Rocco DiSpirito,Karina Smirnoff,7,9,41,Mid (35-44),TV Personality,Entertainment,New York,Northeast,155.78571428571428,1.0090458191934137,4,0.05555555555555555,0.2222222222222222,6.722222222222222,5.833333333333333,0.1833333333333335,0.4768967975941501,6.666666666666667,4
Brooke Burke,Derek Hough,7,1,37,Mid (35-44),TV Personality,Entertainment,Connecticut,Northeast,977.6428571428571,6.397665836766245,2,0.35294117647058826,0.5294117647058824,2.9411764705882355,8.166666666666666,0.1202020202020205,0.7205322107072429,10.0,10
Gilles Marini,Cheryl Burke,8,2,33,Prime (25-34),Actor/Actress,Entertainment,,International,286.92857142857144,1.8689020987226783,6,0.08,0.32,5.8,8.0,0.1,0.5697453235443384,10.0,11
Denise Richards,Maksim Chmerkoskiy,8,12,38,Mid (35-44),Actor/Actress,Entertainment,Illinois,Midwest,4937.75,32.362655990100514,6,0.058823529411764705,0.29411764705882354,6.0,6.0,-0.3333333333333331,0.6849348892187752,7.0,3
David Alan Grier,Kym Johnson,8,9,52,Mature (45-54),Actor/Actress,Entertainment,Michigan,Midwest,2055.8928571428573,13.467361080575623,5,0.14285714285714285,0.2857142857142857,6.285714285714286,6.333333333333333,0.36666666666666686,0.8273115763993902,8.0,5
Lawrence Taylor,Edyta Sliwinska,8,7,50,Mature (45-54),Athlete,Sports,Virginia,Southeast,2100.8214285714284,13.761941472636572,7,0.0,0.18181818181818182,7.545454545454546,5.333333333333333,0.22619047619047664,0.5832118435198044,7.333333333333333,7
Ty Murray,Chelsie Hightower,8,4,39,Mid (35-44),Athlete,Sports,Arizona,Southwest,481.5357142857143,3.144870744462047,0,0.0,0.0,7.285714285714286,4.666666666666667,0.24242424242424263,1.1527744310527053,8.666666666666666,10
Shawn Johnson,Mark Ballas,8,1,17,Young (18-24),Athlete,Sports,Iowa,Midwest,92.0,0.5908259621021102,3,0.14285714285714285,0.47619047619047616,5.190476190476191,7.666666666666667,0.1757575757575759,0.6413942572277797,10.0,11
Steve Wozniak,Karina Smirnoff,8,10,58,Senior (55+),Entrepreneur,Other,California,West,2763.3571428571427,18.10594851009501,5,0.05555555555555555,0.2222222222222222,6.722222222222222,4.333333333333333,-0.33333333333333387,0.8498365855987975,5.666666666666667,4
Belinda Carlisle,Jonathan Roberts,8,13,50,Mature (45-54),Singer/Rapper,Entertainment,California,West,2242.8928571428573,14.693452442126612,7,0.0,0.14285714285714285,8.714285714285714,5.666666666666667,0.3333333333333326,0.16666666666666652,6.0,2
Chuck Wicks,Julianne Hough,8,6,29,Prime (25-34),Singer/Rapper,Entertainment,Delaware,Southeast,118.5,0.7645768769743092,4,0.4,0.4,4.2,6.666666666666667,0.2956349206349209,0.7566258248889531,9.0,8
Lil' Kim,Derek Hough,8,5,34,Prime (25-34),Singer/Rapper,Entertainment,New York,Northeast,1519.107142857143,9.947851308972993,3,0.35294117647058826,0.5294117647058824,2.9411764705882355,7.0,0.21111111111111108,0.7219847662821455,9.333333333333334,9
Steve-O,Lacey Schwimmer,8,8,34,Prime (25-34),TV Personality,Entertainment,,International,1458.642857142857,9.55140885765408,1,0.0,0.3333333333333333,6.166666666666667,5.666666666666667,0.06666666666666678,0.4479032082388083,6.0,6
Holly Madison,Dmitry Chaplin,8,11,30,Prime (25-34),TV Personality,Entertainment,Oregon,West,1046.7142857142858,6.850542210570602,0,0.0,0.3333333333333333,7.0,6.0,-0.233333333333334,0.2763853991962834,6.0,4
Melissa Rycroft,Tony Dovolani,8,3,26,Prime (25-34),TV Personality,Entertainment,Texas,Southwest,185.46428571428572,1.2036374772241378,6,0.047619047619047616,0.14285714285714285,7.666666666666667,7.666666666666667,0.09090909090909116,0.7009111215891135,9.666666666666666,11
Ashley Hamiliton,Edyta Sliwinska,9,16,34,Prime (25-34),Actor/Actress,Entertainment,California,West,,8.572830591817263,8,0.0,0.18181818181818182,7.545454545454546,6.3333,,,,1
Debi Mazar,Maksim Chmerkoskiy,9,12,45,Mature (45-54),Actor/Actress,Entertainment,New York,Northeast,1532.357142857143,10.034726766409092,7,0.058823529411764705,0.29411764705882354,6.0,7.333333333333333,-0.8333333333333325,0.7200822998230954,7.333333333333333,3
Melissa Joan Hart,Mark Ballas,9,9,33,Prime (25-34),Actor/Actress,Entertainment,New York,Northeast,2751.0714285714284,18.02539552530251,4,0.14285714285714285,0.47619047619047616,5.190476190476191,8.0,0.1999952380952386,1.0437920540060521,9.333333333333334,6
Mark Dacascos,Lacey Schwimmer,9,6,45,Mature (45-54),Actor/Actress,Entertainment,Hawaii,West,1213.6785714285713,7.945266640526841,2,0.0,0.3333333333333333,6.166666666666667,9.6666,0.08929285714285687,1.5323322673020252,10.666666666666666,7
Chuck Liddell,Anna Trebunskaya,9,11,39,Mid (35-44),Athlete,Sports,California,West,1358.5357142857142,8.89504253098727,7,0.0,0.18181818181818182,8.181818181818182,7.333333333333333,-0.5666666666666667,0.6821127309893706,7.333333333333333,4
Natalie Coughlin,Alec Mazo,9,10,27,Prime (25-34),Athlete,Sports,California,West,94.17857142857143,0.6051100669635714,8,0.2,0.2,8.4,8.999933333333333,-0.2333200000000007,0.7600994091710781,8.999933333333333,5
Louie Vito,Chelsie Hightower,9,8,21,Young (18-24),Athlete,Sports,Ohio,Midwest,27.428571428571427,0.16745446063454208,1,0.0,0.0,7.285714285714286,8.999933333333333,-0.09522857142857126,1.1811095434817651,8.999933333333333,6
Michael Irvin,Anna Demidova,9,7,43,Mid (35-44),Athlete,Sports,Florida,Southeast,1136.2142857142858,7.43736133815784,0,0.0,0.0,7.0,6.333333333333333,0.29166190476190507,1.0339943028040786,7.833333333333333,7
Joanna Krupa,Derek Hough,9,4,30,Prime (25-34),Model,Media,,International,440.35714285714283,2.8748777460150854,4,0.35294117647058826,0.5294117647058824,2.9411764705882355,11.3333,0.05000166666666637,1.5955920935927834,11.999966666666666,9
Kathy Ireland,Tony Dovolani,9,14,46,Mature (45-54),Model,Media,California,West,590.9285714285714,3.8621201410301675,7,0.047619047619047616,0.14285714285714285,7.666666666666667,6.666633333333333,-0.6666333333333334,0.3333166666666667,6.666633333333333,2
Tom DeLay,Cheryl Burke,9,13,62,Senior (55+),Politician,Other,Texas,Southwest,268.75,1.7497117811081915,7,0.08,0.32,5.8,6.666633333333333,-0.8333166666666663,0.6849222720611676,6.666633333333333,3
Macy Gray,Jonathan Roberts,9,15,42,Mid (35-44),Singer/Rapper,Entertainment,Ohio,Midwest,1132.0357142857142,7.409963956702249,8,0.0,0.14285714285714285,8.714285714285714,6.3333,,,,1
Aaron Carter,Karina Smirnoff,9,5,21,Young (18-24),Singer/Rapper,Entertainment,Florida,Southeast,4374.25,28.66799030970489,6,0.05555555555555555,0.2222222222222222,6.722222222222222,10.666633333333332,-0.03769801587301507,1.5809835086758053,10.999933333333333,8
Mya,Dmitry Chaplin,9,2,29,Prime (25-34),Singer/Rapper,Entertainment,Washington D.C.,US-Other,,9.632781422233716,1,0.0,0.3333333333333333,7.0,10.3333,-0.004042424242423923,0.7507976007775554,11.0,10
Donny Osmond,Kym Johnson,9,1,51,Mature (45-54),Singer/Rapper,Entertainment,Utah,West,,9.632781422233716,6,0.14285714285714285,0.2857142857142857,6.285714285714286,9.999966666666666,0.0336670707070708,0.9977620144659298,10.3333,10
Kelly Osbourne,Louis van Amstel,9,3,24,Young (18-24),TV Personality,Entertainment,,International,,6.435366506974363,8,0.0,0.09090909090909091,7.0,10.333266666666667,0.0696969696969696,1.062023343037033,10.333266666666667,10
Aiden Turner,Edyta Sliwinska,10,9,32,Prime (25-34),Actor/Actress,Entertainment,,International,108.92857142857143,0.701820481845267,9,0.0,0.18181818181818182,7.545454545454546,5.0,0.18333333333333277,0.6601241465731192,6.666666666666667,4
Shannen Doherty,Mark Ballas,10,11,38,Mid (35-44),Actor/Actress,Entertainment,Tennessee,Southeast,,8.572830591817263,5,0.14285714285714285,0.47619047619047616,5.190476190476191,6.0,0.6666666666666665,0.3333333333333335,6.666666666666667,2
Niecy Nash,Louis van Amstel,10,5,40,Mid (35-44),Actor/Actress,Entertainment,California,West,,8.572830591817263,9,0.0,0.09090909090909091,7.0,6.0,0.22618809523809583,0.9464700502613206,8.6666,8
Buzz Aldrin,Ashly DelGrosso,10,10,80,Senior (55+),Astronaut,Other,New Jersey,Northeast,,,9,0.0,0.25,7.25,4.666666666666667,-0.16666666666666716,0.2721655269759088,4.666666666666667,3
Chad Ochocinco,Cheryl Burke,10,4,32,Prime (25-34),Athlete,Sports,Florida,Southeast,30.678571428571427,0.18876353510000043,8,0.08,0.32,5.8,6.0,0.4027772222222219,1.5112672849943194,10.3333,9
Evan Lysacek,Anna Trebunskaya,10,2,24,Young (18-24),Athlete,Sports,Illinois,Midwest,,3.157047358442309,8,0.0,0.18181818181818182,8.181818181818182,7.666666666666667,0.1595925252525254,0.5622902465314906,9.833333333333334,10
Pamela Anderson,Damian Whitewood,10,6,42,Mid (35-44),Model,Media,,International,,6.714257800253056,0,0.0,0.0,6.0,7.0,0.35118571428571405,1.0328851345742611,9.999933333333333,7
Nicole Scherzinger,Derek Hough,10,1,31,Prime (25-34),Singer/Rapper,Entertainment,Hawaii,West,,9.632781422233716,5,0.35294117647058826,0.5294117647058824,2.9411764705882355,8.333333333333334,0.18181656565656562,1.1256738777974529,11.999966666666666,10
Erin Andrews,Maksim Chmerkoskiy,10,3,32,Prime (25-34),Sports Broadcaster,Sports,Maine,Northeast,1553.3214285714287,10.172182004993973,8,0.058823529411764705,0.29411764705882354,6.0,7.0,0.2757539393939395,1.3321835877652568,11.333333333333334,10
Kate Gosselin,Tony Dovolani,10,8,35,Mid (35-44),TV Personality,Entertainment,Pennsylvania,Northeast,,6.435366506974363,8,0.047619047619047616,0.14285714285714285,7.666666666666667,5.333333333333333,-0.033333333333333215,0.16329931618554505,5.333333333333333,5
Jake Pavelka,Chelsie Hightower,10,7,32,Prime (25-34),TV Personality,Entertainment,Texas,Southwest,,6.435366506974363,2,0.0,0.0,7.285714285714286,6.666666666666667,0.30475714285714284,0.6849249757283954,8.3333,6
David Hasselhoff,Kym Johnson,11,12,58,Senior (55+),Actor/Actress,Entertainment,Maryland,Southeast,,8.572830591817263,8,0.14285714285714285,0.2857142857142857,6.285714285714286,5.0,,,,1
Florence Henderson,Corky Ballas,11,8,76,Senior (55+),Actor/Actress,Entertainment,Indiana,Midwest,1180.107142857143,7.7251509262682605,4,0.0,0.0,7.5,6.0,0.14999999999999997,0.42687494916219004,7.0,5
Kyle Massey,Lacey Schwimmer,11,2,19,Young (18-24),Actor/Actress,Entertainment,Georgia,Southeast,,8.572830591817263,4,0.0,0.3333333333333333,6.166666666666667,7.666666666666667,0.27954282828282806,1.1633873993596837,9.999966666666666,10
Jennifer Grey,Derek Hough,11,1,50,Mature (45-54),Actor/Actress,Entertainment,New York,Northeast,,8.572830591817263,6,0.35294117647058826,0.5294117647058824,2.9411764705882355,8.0,0.24368686868686856,0.791546043442129,10.0,10
Rick Fox,Cheryl Burke,11,6,41,Mid (35-44),Athlete,Sports,,International,,3.157047358442309,9,0.08,0.32,5.8,7.333333333333333,0.3526785714285718,1.0719244884055674,10.0,7
Kurt Warner,Anna Trebunskaya,11,5,39,Mid (35-44),Athlete,Sports,Iowa,Midwest,5922.464285714285,38.819071387480925,9,0.0,0.18181818181818182,8.181818181818182,6.333333333333333,0.2589273809523811,0.9283699406213589,8.75,8
Margaret Cho,Louis van Amstel,11,10,41,Mid (35-44),Comedian,Entertainment,California,West,,6.031899086051454,10,0.0,0.09090909090909091,7.0,5.0,0.5000000000000007,0.4714045207910317,6.0,3
Michael Bolton,Chelsie Hightower,11,11,57,Senior (55+),Singer/Rapper,Entertainment,Connecticut,Northeast,,9.632781422233716,3,0.0,0.0,7.285714285714286,5.333333333333333,-1.333333333333333,0.6666666666666665,5.333333333333333,2
Brandy,Maksim Chmerkoskiy,11,4,31,Prime (25-34),Singer/Rapper,Entertainment,Mississippi,Southeast,,9.632781422233716,9,0.058823529411764705,0.29411764705882354,6.0,7.666666666666667,0.3513883333333331,1.3796522867043362,11.999966666666666,9
The Situation,Karina Smirnoff,11,9,28,Prime (25-34),TV Personality,Entertainment,New York,Northeast,3.8518518518518516,0.012870438138681398,8,0.05555555555555555,0.2222222222222222,6.722222222222222,5.0,-0.03333333333333455,0.7949493345141213,6.666666666666667,4
Audrina Patridge,Tony Dovolani,11,7,25,Prime (25-34),TV Personality,Entertainment,California,West,,6.435366506974363,9,0.047619047619047616,0.14285714285714285,7.666666666666667,6.333333333333333,0.5904666666666674,1.3286742675536618,10.6666,6
Bristol Palin,Mark Ballas,11,3,19,Young (18-24),TV Personality,Entertainment,Alaska,West,,6.435366506974363,6,0.14285714285714285,0.47619047619047616,5.190476190476191,6.0,0.31944282828282816,1.3101048694411201,9.333266666666667,10
Ralph Macchio,Karina Smirnoff,12,4,49,Mature (45-54),Actor/Actress,Entertainment,New York,Northeast,,8.572830591817263,9,0.05555555555555555,0.2222222222222222,6.722222222222222,8.0,0.06944444444444434,0.4807687031758212,8.333333333333334,9
Chelsea Kane,Mark Ballas,12,3,22,Young (18-24),Actor/Actress,Entertainment,Arizona,Southwest,478.85714285714283,3.127308320452054,7,0.14285714285714285,0.47619047619047616,5.190476190476191,7.0,0.4565644444444445,1.6053135380977759,12.166666666666666,10
Kirstie Alley,Maksim Chmerkoskiy,12,2,60,Senior (55+),Actor/Actress,Entertainment,Kansas,Midwest,,8.572830591817263,10,0.058823529411764705,0.29411764705882354,6.0,7.666666666666667,0.25454363636363625,0.8717745631692225,9.3333,10
Hines Ward,Kym Johnson,12,1,35,Mid (35-44),Athlete,Sports,,International,,3.157047358442309,9,0.14285714285714285,0.2857142857142857,6.285714285714286,7.0,0.275251313131313,0.8817433489274402,10.0,10
Sugar Ray Leonard,Anna Trebunskaya,12,9,54,Mature (45-54),Athlete,Sports,North Carolina,Southeast,,3.157047358442309,10,0.0,0.18181818181818182,8.181818181818182,5.666666666666667,0.4999999999999988,0.595119035711904,7.0,4
Chris Jericho,Cheryl Burke,12,7,40,Mid (35-44),Athlete,Sports,New York,Northeast,2469.3571428571427,16.178296850758162,10,0.08,0.32,5.8,6.333333333333333,0.2476190476190481,0.7114582486036498,8.666666666666666,6
Petra Nemcova,Dmitry Chaplin,12,8,31,Prime (25-34),Model,Media,,International,,6.714257800253056,4,0.0,0.3333333333333333,7.0,6.0,0.4333333333333334,0.9285592184789415,8.333333333333334,5
Mike Catherwood,Lacey Schwimmer,12,11,32,Prime (25-34),Radio Personality,Other,California,West,,7.407856465821052,5,0.0,0.3333333333333333,6.166666666666667,4.333333333333333,1.333333333333333,0.666666666666667,5.666666666666667,2
Romeo,Chelsie Hightower,12,5,21,Young (18-24),Singer/Rapper,Entertainment,Louisiana,Southeast,,9.632781422233716,4,0.0,0.0,7.285714285714286,6.333333333333333,0.2916666666666666,0.9626262543456601,9.333333333333334,8
Wendy Williams,Tony Dovolani,12,10,46,Mature (45-54),TV Personality,Entertainment,New Jersey,Northeast,6104.214285714285,40.01074039797233,10,0.047619047619047616,0.14285714285714285,7.666666666666667,4.666666666666667,0.16666666666666696,0.41573970964154905,5.666666666666667,3
Kendra Wilkinson,Louis van Amstel,12,6,25,Prime (25-34),TV Personality,Entertainment,California,West,,6.435366506974363,11,0.0,0.09090909090909091,7.0,6.0,0.30505952380952434,0.8582582029069942,8.333333333333334,7
Elisabetta Canalis,Valentin Chmerkovskiy,13,11,33,Prime (25-34),Actor/Actress,Entertainment,,International,,8.572830591817263,0,0.15789473684210525,0.47368421052631576,5.2631578947368425,5.0,1.9999999999999996,1.0,7.0,2
David Arquette,Kym Johnson,13,6,40,Mid (35-44),Actor/Actress,Entertainment,Virginia,Southeast,,8.572830591817263,10,0.14285714285714285,0.2857142857142857,6.285714285714286,6.0,0.3273809523809529,0.8838433901557422,8.333333333333334,7
Ricki Lake,Derek Hough,13,3,42,Mid (35-44),Actor/Actress,Entertainment,New York,Northeast,1219.857142857143,7.985777298576559,8,0.35294117647058826,0.5294117647058824,2.9411764705882355,6.666666666666667,0.27878464646464646,1.1780319747405457,11.166633333333332,10
J.R. Martinez,Karina Smirnoff,13,1,28,Prime (25-34),Actor/Actress,Entertainment,Louisiana,Southeast,,8.572830591817263,10,0.05555555555555555,0.2222222222222222,6.722222222222222,7.333333333333333,0.22726969696969715,0.8987092597782171,10.0,10
Metta World Peace (Ron),Peta Murgatroyd,13,12,31,Prime (25-34),Athlete,Sports,New York,Northeast,,3.157047358442309,0,0.13333333333333333,0.13333333333333333,7.4,4.666666666666667,,,,1
Hope Solo,Maksim Chmerkoskiy,13,4,30,Prime (25-34),Athlete,Sports,Washington,West,,3.157047358442309,11,0.058823529411764705,0.29411764705882354,6.0,7.0,0.1833288888888892,0.7635334080347665,8.666666666666666,9
Chynna Phillips,Tony Dovolani,13,9,43,Mid (35-44),Singer/Rapper,Entertainment,California,West,2053.6071428571427,13.45237447875376,11,0.047619047619047616,0.14285714285714285,7.666666666666667,7.333333333333333,0.06666666666666554,0.6871842709362765,8.666666666666666,4
Kristin Cavallari,Mark Ballas,13,10,24,Young (18-24),TV Personality,Entertainment,Colorado,West,,6.435366506974363,8,0.14285714285714285,0.47619047619047616,5.190476190476191,6.333333333333333,0.8333333333333333,0.6849348892187752,8.0,3
Carson Kressley,Anna Trebunskaya,13,8,41,Mid (35-44),TV Personality,Entertainment,Pennsylvania,Northeast,,6.435366506974363,11,0.0,0.18181818181818182,8.181818181818182,5.666666666666667,0.19999999999999962,0.6863753427324668,7.666666666666667,5
Chaz Bono,Lacey Schwimmer,13,7,42,Mid (35-44),TV Personality,Entertainment,California,West,,6.435366506974363,6,0.0,0.3333333333333333,6.166666666666667,5.666666666666667,0.23809523809523828,0.5583264233956049,7.0,6
Nancy Grace,Tristan MacManus,13,5,51,Mature (45-54),TV Personality,Entertainment,Georgia,Southeast,1932.3214285714287,12.65714791958127,0,0.0,0.0,9.6,5.333333333333333,0.22619047619047672,0.7156485015549029,8.0,8
Rob Kardashian,Cheryl Burke,13,2,24,Young (18-24),TV Personality,Entertainment,California,West,,6.435366506974363,11,0.08,0.32,5.8,5.333333333333333,0.4050452525252527,1.3826465499179466,10.833266666666667,10
William Levy,Cheryl Burke,14,3,31,Prime (25-34),Actor/Actress,Entertainment,,International,,8.572830591817263,12,0.08,0.32,5.8,8.0,0.206059393939394,1.2098350668307367,12.0,10
Jack Wagner,Anna Trebunskaya,14,11,52,Mature (45-54),Actor/Actress,Entertainment,Missouri,Midwest,,8.572830591817263,12,0.0,0.18181818181818182,8.181818181818182,7.666666666666667,0.16666666666666538,0.41573970964154905,8.0,3
Sherri Sheperd,Valentin Chmerkovskiy,14,10,44,Mid (35-44),Actor/Actress,Entertainment,Illinois,Midwest,,8.572830591817263,1,0.15789473684210525,0.47368421052631576,5.2631578947368425,7.666666666666667,-0.166666666666668,0.3632415786283895,8.0,4
Jaleel White,Kym Johnson,14,7,35,Mid (35-44),Actor/Actress,Entertainment,California,West,,8.572830591817263,11,0.14285714285714285,0.2857142857142857,6.285714285714286,8.666666666666666,0.327376190476191,1.5846979441648694,12.333266666666667,7
Roshon Fegan,Chelsie Hightower,14,6,20,Young (18-24),Actor/Actress,Entertainment,California,West,,8.572830591817263,6,0.0,0.0,7.285714285714286,7.666666666666667,0.1746007936507938,0.49998888925155127,9.333333333333334,8
Melissa Gilbert,Maksim Chmerkoskiy,14,5,47,Mature (45-54),Actor/Actress,Entertainment,California,West,,8.572830591817263,12,0.058823529411764705,0.29411764705882354,6.0,6.666666666666667,0.2896825396825395,1.0474837574980445,10.0,8
Martina Navratilova,Tony Dovolani,14,12,55,Senior (55+),Athlete,Sports,,International,1214.2142857142858,7.948779125328841,12,0.047619047619047616,0.14285714285714285,7.666666666666667,6.666666666666667,-1.0000000000000009,0.5,6.666666666666667,2
Donald Driver,Peta Murgatroyd,14,1,37,Mid (35-44),Athlete,Sports,Texas,Southwest,,3.157047358442309,1,0.13333333333333333,0.13333333333333333,7.4,7.0,0.24747333333333324,1.0786992338769257,11.3333,10
Gavin DeGraw,Karina Smirnoff,14,9,35,Mid (35-44),Singer/Rapper,Entertainment,New York,Northeast,,9.632781422233716,11,0.05555555555555555,0.2222222222222222,6.722222222222222,6.666666666666667,-6.48633807412066e-16,0.618241233033047,8.0,5
Gladys Knight,Tristan MacManus,14,8,67,Senior (55+),Singer/Rapper,Entertainment,Georgia,Southeast,,9.632781422233716,1,0.0,0.0,9.6,7.666666666666667,0.09523809523809526,0.6382847385042254,8.0,6
Katherine Jenkins,Mark Ballas,14,2,31,Prime (25-34),Singer/Rapper,Entertainment,,International,1050.9642857142858,6.878407923333125,9,0.14285714285714285,0.47619047619047616,5.190476190476191,8.666666666666666,0.1242422222222226,1.287646043535774,12.999966666666666,10
Maria Menounos,Derek Hough,14,4,33,Prime (25-34),TV Personality,Entertainment,Massachusetts,Northeast,,6.435366506974363,9,0.35294117647058826,0.5294117647058824,2.9411764705882355,7.0,0.2527772222222223,0.8465974017226643,9.999966666666666,9
Gilles Marini,Peta Murgatroyd,15,6,36,Mid (35-44),Actor/Actress,Entertainment,,International,286.92857142857144,1.8689020987226783,2,0.13333333333333333,0.13333333333333333,7.4,8.0,0.32368214285714314,0.937221516406859,11.1666,8
Sabrina Bryan,Louis van Amstel,15,8,28,Prime (25-34),Actor/Actress,Entertainment,California,West,398.4642857142857,2.600201434498793,14,0.0,0.09090909090909091,7.0,7.5,0.4607142857142863,0.8272054788992803,10.0,6
Kirstie Alley,Maksim Chmerkoskiy,15,7,61,Senior (55+),Actor/Actress,Entertainment,Kansas,Midwest,,8.572830591817263,13,0.058823529411764705,0.29411764705882354,6.0,6.333333333333333,0.3759900793650798,0.9960263499048913,9.3333,8
Kelly Monaco,Valentin Chmerkovskiy,15,3,36,Mid (35-44),Actor/Actress,Entertainment,Pennsylvania,Northeast,529.25,3.457716057493392,2,0.15789473684210525,0.47368421052631576,5.2631578947368425,7.166666666666667,0.2743769696969699,1.2690830744894346,12.0,10
Apolo Anton Ohno,Karina Smirnoff,15,5,30,Prime (25-34),Athlete,Sports,Washington,West,39.82142857142857,0.2487099423874437,12,0.05555555555555555,0.2222222222222222,6.722222222222222,7.333333333333333,0.33278944444444425,1.0382879241006964,11.0,9
Emmitt Smith,Cheryl Burke,15,4,43,Mid (35-44),Athlete,Sports,Florida,Southeast,1619.857142857143,10.608432617402201,13,0.08,0.32,5.8,8.166666666666666,0.26758888888888877,1.0663160846452207,11.499966666666666,9
Shawn Johnson,Derek Hough,15,2,20,Young (18-24),Athlete,Sports,Iowa,Midwest,92.0,0.5908259621021102,10,0.35294117647058826,0.5294117647058824,2.9411764705882355,7.333333333333333,0.25361535353535375,1.2986514965061946,12.6666,10
Pamela Anderson,Tristan MacManus,15,13,45,Mature (45-54),Model,Media,,International,,6.714257800253056,2,0.0,0.0,9.6,5.666666666666667,,,,1
Helio Castroneves,Chelsie Hightower,15,10,37,Mid (35-44),Racing Driver,Sports,,International,10.535714285714286,0.05669410654485196,7,0.0,0.0,7.285714285714286,7.166666666666667,0.6666666666666662,0.5499719409228702,8.5,3
Joey Fatone,Kym Johnson,15,12,35,Mid (35-44),Singer/Rapper,Entertainment,New York,Northeast,1153.2142857142858,7.54882418920793,12,0.14285714285714285,0.2857142857142857,6.285714285714286,6.833333333333333,0.6666666666666652,0.3333333333333335,7.5,2
Drew Lachey,Anna Trebunskaya,15,11,36,Mid (35-44),Singer/Rapper,Entertainment,Ohio,Midwest,457.17857142857144,2.985169768797843,13,0.0,0.18181818181818182,8.181818181818182,7.166666666666667,0.41666666666666624,0.3424674446093875,8.0,3
Bristol Palin,Mark Ballas,15,9,21,Young (18-24),TV Personality,Entertainment,Alaska,West,,6.435366506974363,10,0.14285714285714285,0.47619047619047616,5.190476190476191,6.5,0.5999999999999995,0.7905694150420949,8.0,4
Melissa Rycroft,Tony Dovolani,15,1,29,Prime (25-34),TV Personality,Entertainment,Texas,Southwest,185.46428571428572,1.2036374772241378,13,0.047619047619047616,0.14285714285714285,7.666666666666667,7.0,0.3271545454545454,1.4844190313647212,12.999966666666666,10
Ingo Rademacher,Kym Johnson,16,5,41,Mid (35-44),Actor/Actress,Entertainment,,International,,8.572830591817263,13,0.14285714285714285,0.2857142857142857,6.285714285714286,6.666666666666667,0.23333333333333323,0.6573421981221795,8.5,9
Zendaya,Valentin Chmerkovskiy,16,2,16,Young (18-24),Actor/Actress,Entertainment,California,West,,8.572830591817263,3,0.15789473684210525,0.47368421052631576,5.2631578947368425,8.0,0.1777797979797978,0.6633293135221582,10.0,10
Dorothy Hamill,Tristan MacManus,16,12,56,Senior (55+),Athlete,Sports,Illinois,Midwest,1243.607142857143,8.141497458131832,3,0.0,0.0,9.6,7.0,-2.000000000000001,1.0,7.0,2
Victor Ortiz,Lindsay Arnold,16,8,26,Prime (25-34),Athlete,Sports,Kansas,Midwest,,3.157047358442309,0,0.1,0.4,5.4,6.0,0.1333333333333333,0.6285393610547091,7.666666666666667,6
Alexandra Raisman,Mark Ballas,16,4,18,Young (18-24),Athlete,Sports,Massachusetts,Northeast,,3.157047358442309,11,0.14285714285714285,0.47619047619047616,5.190476190476191,7.0,0.30606060606060614,1.0499999999999998,10.666666666666666,10
Jacoby Jones,Karina Smirnoff,16,3,28,Prime (25-34),Athlete,Sports,Louisiana,Southeast,,3.157047358442309,13,0.05555555555555555,0.2222222222222222,6.722222222222222,6.666666666666667,0.2484850505050504,0.8950426435588914,9.833333333333334,10
D. L. Hughley,Cheryl Burke,16,9,50,Mature (45-54),Comedian,Entertainment,Virginia,Southeast,534.0357142857143,3.489094255057913,14,0.08,0.32,5.8,4.0,0.5666666666666665,0.9797958971132713,7.0,5
Andy Dick,Sharna Burgess,16,7,47,Mature (45-54),Comedian,Entertainment,South Carolina,Southeast,,6.031899086051454,0,0.07142857142857142,0.35714285714285715,6.571428571428571,5.666666666666667,0.03571428571428585,0.5802884574739972,7.166666666666667,7
Wynonna Judd,Tony Dovolani,16,11,48,Mature (45-54),Singer/Rapper,Entertainment,Kentucky,Southeast,,9.632781422233716,14,0.047619047619047616,0.14285714285714285,7.666666666666667,6.0,-0.5000000000000004,0.4714045207910317,6.0,3
Kellie Pickler,Derek Hough,16,1,26,Prime (25-34),Singer/Rapper,Entertainment,North Carolina,Southeast,,9.632781422233716,11,0.35294117647058826,0.5294117647058824,2.9411764705882355,7.0,0.24949494949494935,0.8070866675202165,10.0,10
Lisa Vanderpump,Gleb Savchenko,16,10,52,Mature (45-54),TV Personality,Entertainment,,International,1812.0714285714287,11.86871216435931,0,0.0,0.0,8.461538461538462,6.0,0.0999999999999989,0.4330127018922193,7.0,4
Sean Lowe,Peta Murgatroyd,16,6,29,Prime (25-34),TV Personality,Entertainment,Texas,Southwest,,6.435366506974363,3,0.13333333333333333,0.13333333333333333,7.4,6.333333333333333,0.17460317460317512,0.6009252125773316,8.0,8
Valerie Harper,Tristan MacManus,17,10,74,Senior (55+),Actor/Actress,Entertainment,New York,Northeast,,8.572830591817263,4,0.0,0.0,9.6,7.0,-0.4000000000000008,0.6009252125773317,7.0,4
Brant Daugherty,Peta Murgatroyd,17,7,28,Prime (25-34),Actor/Actress,Entertainment,Ohio,Midwest,480.60714285714283,3.138782437471916,4,0.13333333333333333,0.13333333333333333,7.4,7.333333333333333,0.3194444444444444,1.0799225152245364,10.333333333333334,8
Elizabeth Berkley Lauren,Valentin Chmerkovskiy,17,6,39,Mid (35-44),Actor/Actress,Entertainment,Michigan,Midwest,,8.572830591817263,4,0.15789473684210525,0.47368421052631576,5.2631578947368425,8.0,0.1388877777777778,0.7553925026676,10.6666,9
Leah Remini,Tony Dovolani,17,5,43,Mid (35-44),Actor/Actress,Entertainment,New York,Northeast,,8.572830591817263,15,0.047619047619047616,0.14285714285714285,7.666666666666667,7.0,0.17146444444444459,0.7638603712503136,9.333333333333334,10
Corbin Bleu,Karina Smirnoff,17,2,24,Young (18-24),Actor/Actress,Entertainment,New York,Northeast,,8.572830591817263,14,0.05555555555555555,0.2222222222222222,6.722222222222222,8.0,0.1616121212121212,0.5928216120468499,10.0,11
Amber Riley,Derek Hough,17,1,27,Prime (25-34),Actor/Actress,Entertainment,California,West,759.6071428571429,4.968084522352803,12,0.35294117647058826,0.5294117647058824,2.9411764705882355,9.0,0.1641393939393942,0.8690228430194589,10.666633333333332,11
Keyshawn Johnson,Sharna Burgess,17,12,41,Mid (35-44),Athlete,Sports,California,West,,3.157047358442309,1,0.07142857142857142,0.35714285714285715,6.571428571428571,5.666666666666667,0.3333333333333326,0.16666666666666652,6.0,2
Bill Engvall,Emma Slater,17,4,56,Senior (55+),Comedian,Entertainment,Texas,Southwest,,6.031899086051454,0,0.0625,0.0625,7.9375,6.0,0.12575606060606076,0.7154924073125771,8.499966666666666,11
Christina Milian,Mark Ballas,17,9,31,Prime (25-34),Singer/Rapper,Entertainment,New Jersey,Northeast,,9.632781422233716,12,0.14285714285714285,0.47619047619047616,5.190476190476191,7.333333333333333,0.36666666666666703,0.6666666666666669,9.333333333333334,5
"Nicole ""Snooki"" Polizzi",Sasha Farber,17,8,25,Prime (25-34),TV Personality,Entertainment,,International,14.964285714285714,0.08573064757470729,0,0.0,0.16666666666666666,6.083333333333333,7.666666666666667,0.40476190476190527,0.9988655696858585,10.0,7
Jack Osbourne,Cheryl Burke,17,3,27,Prime (25-34),TV Personality,Entertainment,,International,,6.435366506974363,15,0.08,0.32,5.8,7.666666666666667,0.19393787878787905,0.7947099692497742,10.0,11
Bill Nye,Tyne Stecklein,17,11,57,Senior (55+),TV Personality,Entertainment,Washington D.C.,US-Other,,6.435366506974363,0,0.0,0.0,11.0,4.666666666666667,0.33333333333333354,0.415739709641549,5.666666666666667,3
Billy Dee Williams,Emma Slater,18,10,76,Senior (55+),Actor/Actress,Entertainment,New York,Northeast,,8.572830591817263,1,0.0625,0.0625,7.9375,5.0,-4.440892098500626e-16,0.0,5.0,2
Danica McKellar,Valentin Chmerkovskiy,18,6,39,Mid (35-44),Actor/Actress,Entertainment,California,West,4515.571428571428,29.59458380047213,5,0.15789473684210525,0.47368421052631576,5.2631578947368425,8.0,0.20535714285714315,0.6547602137424051,9.75,8
James Maslow,Peta Murgatroyd,18,4,23,Young (18-24),Actor/Actress,Entertainment,New York,Northeast,,8.572830591817263,5,0.13333333333333333,0.13333333333333333,7.4,7.0,0.1873737373737372,0.7855023162848654,10.0,10
Candace Cameron Bure,Mark Ballas,18,3,37,Mid (35-44),Actor/Actress,Entertainment,California,West,,8.572830591817263,13,0.14285714285714285,0.47619047619047616,5.190476190476191,8.333333333333334,0.16969333333333317,0.7602964336800921,9.25,10
Sean Avery,Karina Smirnoff,18,11,33,Prime (25-34),Athlete,Sports,,International,,3.157047358442309,15,0.05555555555555555,0.2222222222222222,6.722222222222222,6.666666666666667,0.33333333333333215,0.16666666666666652,7.0,2
Diana Nyad,Henry Byalikov,18,12,64,Senior (55+),Athlete,Sports,New York,Northeast,1073.4285714285713,7.025698119363599,0,0.0,0.0,12.0,6.0,,,,1
Charlie White,Sharna Burgess,18,5,26,Prime (25-34),Athlete,Sports,Michigan,Midwest,,3.157047358442309,2,0.07142857142857142,0.35714285714285715,6.571428571428571,9.0,0.12499999999999957,0.5088382097790402,10.0,9
Amy Purdy,Derek Hough,18,2,34,Prime (25-34),Athlete,Sports,Nevada,West,,3.157047358442309,13,0.35294117647058826,0.5294117647058824,2.9411764705882355,8.0,0.224998787878788,0.6997123020213379,10.0,10
Meryl Davis,Maksim Chmerkoskiy,18,1,27,Prime (25-34),Athlete,Sports,Michigan,Midwest,,3.157047358442309,16,0.058823529411764705,0.29411764705882354,6.0,8.0,0.16313131313131324,0.6962698231768103,10.0,10
Drew Carey,Cheryl Burke,18,8,55,Senior (55+),Comedian,Entertainment,Ohio,Midwest,2380.535714285714,15.59592687058679,16,0.08,0.32,5.8,7.0,0.16428571428571503,0.5086064839889043,8.25,6
Cody Simpson,Witney Carson,18,9,17,Young (18-24),Singer/Rapper,Entertainment,,International,,9.632781422233716,0,0.07142857142857142,0.35714285714285715,5.5,7.333333333333333,0.275,0.5901977069875259,8.75,5
NeNe Leakes,Tony Dovolani,18,7,46,Mature (45-54),TV Personality,Entertainment,New York,Northeast,,6.435366506974363,16,0.047619047619047616,0.14285714285714285,7.666666666666667,7.0,0.26785714285714335,0.6662413609349154,9.0,7
Antonio Sabato Jr.,Cheryl Burke,19,8,42,Mid (35-44),Actor/Actress,Entertainment,,International,,8.572830591817263,17,0.08,0.32,5.8,6.25,0.05803571428571451,0.4278267339539621,7.75,7
Jonathan Bennett,Allison Holker,19,9,33,Prime (25-34),Actor/Actress,Entertainment,Ohio,Midwest,9.178571428571429,0.0477958117131221,0,0.0,0.25,7.25,7.5,-0.11428571428571417,0.8498365855987975,8.0,6
Lea Thompson,Artem Chigvintsev,19,6,53,Mature (45-54),Actor/Actress,Entertainment,Minnesota,Midwest,,8.572830591817263,0,0.08333333333333333,0.08333333333333333,7.416666666666667,8.0,0.01666666666666654,0.5826715823167509,9.75,9
Janel Parrish,Valentin Chmerkovskiy,19,3,25,Prime (25-34),Actor/Actress,Entertainment,Hawaii,West,,8.572830591817263,6,0.15789473684210525,0.47368421052631576,5.2631578947368425,7.25,0.1818159090909094,0.9715709993707007,10.75,11
Alfonso Ribeiro,Witney Carson,19,1,42,Mid (35-44),Actor/Actress,Entertainment,New York,Northeast,,8.572830591817263,1,0.07142857142857142,0.35714285714285715,5.5,9.0,0.14431818181818223,0.7858182554372941,10.25,11
Lolo Jones,Keo Motsepe,19,13,32,Prime (25-34),Athlete,Sports,Iowa,Midwest,257.07142857142856,1.6731396124246214,0,0.0,0.1111111111111111,9.88888888888889,5.5,,,,1
Randy Couture,Karina Smirnoff,19,11,51,Mature (45-54),Athlete,Sports,Washington,West,,3.157047358442309,16,0.05555555555555555,0.2222222222222222,6.722222222222222,7.75,-0.6249999999999999,0.5137011669140814,7.75,3
Tommy Chong,Peta Murgatroyd,19,5,76,Senior (55+),Comedian,Entertainment,,International,,6.031899086051454,6,0.13333333333333333,0.13333333333333333,7.4,6.75,0.03863636363636347,0.6709368450159822,8.5,10
Betsey Johnson,Tony Dovolani,19,10,72,Senior (55+),Fashion Designer,Other,Connecticut,Northeast,,,17,0.047619047619047616,0.14285714285714285,7.666666666666667,5.0,0.699999999999999,0.9437293044088437,7.25,4
Michael Waltrip,Emma Slater,19,7,51,Mature (45-54),Racing Driver,Sports,Kentucky,Southeast,222.89285714285714,1.449043082057109,2,0.0625,0.0625,7.9375,6.25,0.06250000000000018,0.7173900177030623,7.5,8
Tavis Smiley,Sharna Burgess,19,12,50,Mature (45-54),Radio Personality,Other,Mississippi,Southeast,,7.407856465821052,3,0.07142857142857142,0.35714285714285715,6.571428571428571,7.25,-0.2500000000000018,0.125,7.25,2
Bethany Mota,Derek Hough,19,4,18,Young (18-24),Social Media Personality,Other,California,West,,18.224904662056034,14,0.35294117647058826,0.5294117647058824,2.9411764705882355,8.0,0.13750000000000026,0.7278052028002688,10.0,11
Sadie Robertson,Mark Ballas,19,2,17,Young (18-24),TV Personality,Entertainment,Louisiana,Southeast,,6.435366506974363,14,0.14285714285714285,0.47619047619047616,5.190476190476191,8.5,0.13901363636363673,0.6772316271848977,9.833300000000001,11
Suzanne Somers,Tony Dovolani,20,9,68,Senior (55+),Actor/Actress,Entertainment,California,West,1995.1785714285713,13.069279469682442,18,0.047619047619047616,0.14285714285714285,7.666666666666667,6.25,0.14999999999999933,0.36742346141747667,7.0,5
Willow Shields,Mark Ballas,20,7,14,Young (18-24),Actor/Actress,Entertainment,New Mexico,Southwest,,8.572830591817263,15,0.14285714285714285,0.47619047619047616,5.190476190476191,6.25,0.4732142857142857,1.138664183352133,9.75,7
Riker Lynch,Allison Holker,20,2,23,Young (18-24),Actor/Actress,Entertainment,Colorado,West,,8.572830591817263,1,0.0,0.25,7.25,7.75,0.2590909090909095,0.7830229881682913,10.0,10
Rumer Willis,Valentin Chmerkovskiy,20,1,26,Prime (25-34),Actor/Actress,Entertainment,Kentucky,Southeast,,8.572830591817263,7,0.15789473684210525,0.47368421052631576,5.2631578947368425,8.0,0.24015151515151528,0.76085888967666,10.0,10
Nastia Liukin,Derek Hough,20,4,25,Prime (25-34),Athlete,Sports,,International,233.5,1.5185902811366818,15,0.35294117647058826,0.5294117647058824,2.9411764705882355,7.5,0.2770833333333328,0.7988224358082447,10.25,9
Michael Sam,Peta Murgatroyd,20,10,25,Prime (25-34),Athlete,Sports,Texas,Southwest,,3.157047358442309,7,0.13333333333333333,0.13333333333333333,7.4,6.5,0.19999999999999968,0.5590169943749475,7.5,4
Robert Herjavec,Kym Johnson,20,6,52,Mature (45-54),Entrepreneur,Other,,International,,18.10594851009501,17,0.14285714285714285,0.2857142857142857,6.285714285714286,7.0,0.11755952380952388,0.7653060560161535,8.5,8
Charlotte McKinney,Keo Motsepe,20,11,21,Young (18-24),Model,Media,Florida,Southeast,,6.714257800253056,1,0.0,0.1111111111111111,9.88888888888889,5.5,3.9720546451956377e-16,0.4714045207910317,6.5,3
Noah Galloway,Sharna Burgess,20,3,33,Prime (25-34),Motivational Speaker,Other,Alabama,Southeast,46.25,0.29085976001142727,4,0.07142857142857142,0.35714285714285715,6.571428571428571,6.5,0.30075757575757617,1.040507688582838,9.5,10
Redfoo,Emma Slater,20,12,39,Mid (35-44),Singer/Rapper,Entertainment,California,West,,9.632781422233716,3,0.0625,0.0625,7.9375,5.5,2.249999999999999,1.125,7.75,2
Patti LaBelle,Artem Chigvintsev,20,8,70,Senior (55+),Singer/Rapper,Entertainment,Pennsylvania,Northeast,,9.632781422233716,1,0.08333333333333333,0.08333333333333333,7.416666666666667,6.25,0.3571428571428575,0.9428090415820632,8.5,6
Chris Soules,Witney Carson,20,5,33,Prime (25-34),TV Personality,Entertainment,Iowa,Midwest,,6.435366506974363,2,0.07142857142857142,0.35714285714285715,5.5,6.5,0.3363095238095241,0.9995115994824673,8.75,8
Gary Busey,Anna Trebunskaya,21,10,71,Senior (55+),Actor/Actress,Entertainment,Texas,Southwest,3883.3571428571427,25.449383402806813,19,0.0,0.18181818181818182,8.181818181818182,5.0,0.17499999999999943,0.4578596036632482,6.25,4
Alexa PenaVega,Mark Ballas,21,6,27,Prime (25-34),Actor/Actress,Entertainment,Florida,Southeast,,8.572830591817263,16,0.14285714285714285,0.47619047619047616,5.190476190476191,7.333333333333333,0.2583299999999999,1.0927462543043998,10.0,9
Carlos PenaVega,Witney Carson,21,4,26,Prime (25-34),Actor/Actress,Entertainment,Missouri,Midwest,,8.572830591817263,3,0.07142857142857142,0.35714285714285715,5.5,7.666666666666667,0.26969575757575776,0.9840865119457598,10.5,11
Victor Espinoza,Karina Smirnoff,21,12,43,Mid (35-44),Athlete,Sports,,International,,3.157047358442309,18,0.05555555555555555,0.2222222222222222,6.722222222222222,5.0,1.166666666666666,0.5833333333333335,6.166666666666667,2
Alek Skarlatos,Lindsay Arnold,21,3,22,Young (18-24),Military,Other,California,West,308.2857142857143,2.0089331594956903,5,0.1,0.4,5.4,7.333333333333333,0.19090757575757603,0.7481950120343345,9.5,11
Chaka Khan,Keo Motsepe,21,13,62,Senior (55+),Singer/Rapper,Entertainment,Illinois,Midwest,,9.632781422233716,2,0.0,0.1111111111111111,9.88888888888889,4.333333333333333,0.6666666666666665,0.3333333333333335,5.0,2
Andy Grammer,Allison Holker,21,7,31,Prime (25-34),Singer/Rapper,Entertainment,California,West,,9.632781422233716,2,0.0,0.25,7.25,7.0,0.31646269841269853,1.035766121679718,10.0,8
Tamar Braxton,Valentin Chmerkovskiy,21,5,38,Mid (35-44),Singer/Rapper,Entertainment,Maryland,Southeast,,9.632781422233716,8,0.15789473684210525,0.47368421052631576,5.2631578947368425,7.666666666666667,0.13333333333333308,0.8147095891651458,10.0,9
Nick Carter,Sharna Burgess,21,2,35,Mid (35-44),Singer/Rapper,Entertainment,New York,Northeast,3231.25,21.173752736160615,5,0.07142857142857142,0.35714285714285715,6.571428571428571,8.0,0.18863636363636394,0.8933613950610869,11.0,11
Hayes Grier,Emma Slater,21,8,15,Young (18-24),Social Media Personality,Other,North Carolina,Southeast,,18.224904662056034,4,0.0625,0.0625,7.9375,7.0,0.2857142857142859,0.8039020483873398,9.333333333333334,7
Bindi Irwin,Derek Hough,21,1,17,Young (18-24),TV Personality,Entertainment,,International,,6.435366506974363,16,0.35294117647058826,0.5294117647058824,2.9411764705882355,8.0,0.2401515151515149,0.8589051693818225,10.5,11
Kim Zolciak-Biermann,Tony Dovolani,21,11,37,Mid (35-44),TV Personality,Entertainment,Florida,Southeast,,6.435366506974363,19,0.047619047619047616,0.14285714285714285,7.666666666666667,4.0,2.166666666666666,1.0833333333333335,6.166666666666667,2
Paula Deen,Louis van Amstel,21,9,68,Senior (55+),TV Personality,Entertainment,Georgia,Southeast,983.3928571428571,6.435366506974363,20,0.0,0.09090909090909091,7.0,5.0,0.20000000000000034,0.5746711351549223,6.5,6
Mischa Barton,Artem Chigvintsev,22,11,30,Prime (25-34),Actor/Actress,Entertainment,,International,,8.572830591817263,3,0.08333333333333333,0.08333333333333333,7.416666666666667,5.333333333333333,0.3333333333333331,0.41573970964154905,6.0,3
Kim Fields,Sasha Farber,22,8,46,Mature (45-54),Actor/Actress,Entertainment,New York,Northeast,,8.572830591817263,5,0.0,0.16666666666666666,6.083333333333333,6.666666666666667,0.3214285714285714,0.7707816217256497,8.666666666666666,7
Jodie Sweetin,Keo Motsepe,22,6,34,Prime (25-34),Actor/Actress,Entertainment,California,West,,8.572830591817263,3,0.0,0.1111111111111111,9.88888888888889,6.666666666666667,0.4146825396825396,1.0817295821455974,10.0,8
Doug Flutie,Karina Smirnoff,22,9,53,Mature (45-54),Athlete,Sports,Maryland,Southeast,3774.5714285714284,24.736114822347623,19,0.05555555555555555,0.2222222222222222,6.722222222222222,5.0,0.29523809523809574,0.7049209744694179,7.0,6
Von Miller,Witney Carson,22,7,27,Prime (25-34),Athlete,Sports,Texas,Southwest,,3.157047358442309,4,0.07142857142857142,0.35714285714285715,5.5,7.0,0.29464285714285726,0.7124977622592856,8.666666666666666,7
Antonio Brown,Sharna Burgess,22,5,27,Prime (25-34),Athlete,Sports,Florida,Southeast,,3.157047358442309,6,0.07142857142857142,0.35714285714285715,6.571428571428571,7.0,0.34861111111111065,1.1585549866383,9.166666666666666,9
Paige VanZant,Mark Ballas,22,2,22,Young (18-24),Athlete,Sports,Oregon,West,,3.157047358442309,17,0.14285714285714285,0.47619047619047616,5.190476190476191,7.0,0.29848363636363673,0.9569769531881808,9.888866666666667,10
Geraldo Rivera,Edyta Sliwinska,22,12,72,Senior (55+),Journalist,Other,New York,Northeast,1490.5357142857142,9.760518786199734,21,0.0,0.18181818181818182,7.545454545454546,4.333333333333333,-8.881784197001252e-16,0.0,4.333333333333333,2
Nyle DiMarco,Peta Murgatroyd,22,1,26,Prime (25-34),Model,Media,New York,Northeast,,6.714257800253056,9,0.13333333333333333,0.13333333333333333,7.4,7.666666666666667,0.279289292929293,0.9339586002958946,9.666666666666666,10
Ginger Zee,Valentin Chmerkovskiy,22,3,35,Mid (35-44),News Anchor,Media,California,West,,0.060909088307250316,9,0.15789473684210525,0.47368421052631576,5.2631578947368425,7.666666666666667,0.2898965656565659,1.010450284752078,10.0,10
Wanya Morris,Lindsay Arnold,22,4,42,Mid (35-44),Singer/Rapper,Entertainment,Pennsylvania,Northeast,,9.632781422233716,6,0.1,0.4,5.4,7.666666666666667,0.22638888888888878,0.8368239650144444,10.0,9
Marla Maples,Tony Dovolani,22,10,52,Mature (45-54),TV Personality,Entertainment,Georgia,Southeast,5911.107142857143,38.744606709678564,20,0.047619047619047616,0.14285714285714285,7.666666666666667,7.0,0.033333333333332174,0.1443375672974063,7.0,4
Jake T. Austin,Jenna Johnson,23,13,21,Young (18-24),Actor/Actress,Entertainment,New York,Northeast,,8.572830591817263,0,0.2222222222222222,0.4444444444444444,6.444444444444445,5.5,0.5,0.25,6.0,2
Maureen McCormick,Artem Chigvintsev,23,8,60,Senior (55+),Actor/Actress,Entertainment,California,West,,8.572830591817263,4,0.08333333333333333,0.08333333333333333,7.416666666666667,5.5,0.41964285714285704,0.9299440404493955,8.25,7
Marilu Henner,Derek Hough,23,6,64,Senior (55+),Actor/Actress,Entertainment,Illinois,Midwest,,8.572830591817263,18,0.35294117647058826,0.5294117647058824,2.9411764705882355,6.75,0.2541666666666665,0.8743996568761508,9.0,9
Ryan Lochte,Cheryl Burke,23,7,32,Prime (25-34),Athlete,Sports,New York,Northeast,461.9642857142857,3.016547966362364,21,0.08,0.32,5.8,6.0,0.4087301587301589,0.9851325347947407,8.666666666666666,8
Calvin Johnson Jr.,Lindsay Arnold,23,3,30,Prime (25-34),Athlete,Sports,Georgia,Southeast,,3.157047358442309,7,0.1,0.4,5.4,6.5,0.3128761363636365,1.097094349943484,10.0,11
Laurie Hernandez,Valentin Chmerkovskiy,23,1,16,Young (18-24),Athlete,Sports,New Jersey,Northeast,,3.157047358442309,10,0.15789473684210525,0.47368421052631576,5.2631578947368425,7.75,0.249619696969697,1.0553285037278832,11.0,11
Amber Rose,Maksim Chmerkoskiy,23,9,32,Prime (25-34),Model,Media,Pennsylvania,Northeast,,6.714257800253056,21,0.058823529411764705,0.29411764705882354,6.0,6.0,0.36428571428571477,0.8630131323836657,8.0,6
Rick Perry,Emma Slater,23,12,66,Senior (55+),Politician,Other,Texas,Southwest,908.6071428571429,5.945023628615355,6,0.0625,0.0625,7.9375,5.0,0.3749999999999993,0.31180478223116176,5.75,3
James Hinchcliffe,Sharna Burgess,23,2,29,Prime (25-34),Racing Driver,Sports,,International,,0.05669410654485196,7,0.07142857142857142,0.35714285714285715,6.571428571428571,7.75,0.2712086363636364,1.2351356797706916,11.6666,11
Babyface,Allison Holker,23,11,57,Senior (55+),Singer/Rapper,Entertainment,Indiana,Midwest,,9.632781422233716,4,0.0,0.25,7.25,6.5,-0.27500000000000047,0.5694020986965187,7.5,4
Vanilla Ice,Witney Carson,23,10,48,Mature (45-54),Singer/Rapper,Entertainment,Texas,Southwest,,9.632781422233716,5,0.07142857142857142,0.35714285714285715,5.5,6.25,0.34999999999999937,0.7034142923389223,7.666666666666667,4
Jana Kramer,Gleb Savchenko,23,4,32,Prime (25-34),Singer/Rapper,Entertainment,Michigan,Midwest,3744.5,24.53894734212877,7,0.0,0.0,8.461538461538462,6.75,0.32196969696969696,1.264618377959643,10.0,11
Terra Jole,Sasha Farber,23,5,36,Mid (35-44),TV Personality,Entertainment,Texas,Southwest,,6.435366506974363,6,0.0,0.16666666666666666,6.083333333333333,6.25,0.2901515151515153,1.0379015287267543,10.0,10
Charo,Keo Motsepe,24,11,66,Senior (55+),Actor/Actress,Entertainment,,International,,8.572830591817263,5,0.0,0.1111111111111111,9.88888888888889,5.25,0.3749999999999999,0.42491829279939874,6.25,3
Mr. T,Kym Herjavec,24,10,64,Senior (55+),Actor/Actress,Entertainment,Illinois,Midwest,,8.572830591817263,0,0.0,0.0,10.0,5.0,0.6499999999999994,0.739509972887452,7.0,4
Heather Morris,Maksim Chmerkoskiy,24,8,30,Prime (25-34),Actor/Actress,Entertainment,California,West,608.5714285714286,3.977797973842655,22,0.058823529411764705,0.29411764705882354,6.0,7.0,0.4214285714285722,0.755764881134044,9.25,6
Nancy Kerrigan,Artem Chigvintsev,24,7,47,Mature (45-54),Athlete,Sports,Massachusetts,Northeast,,3.157047358442309,5,0.08333333333333333,0.08333333333333333,7.416666666666667,7.0,0.339285714285714,0.770551750371122,9.0,7
Bonner Bolton,Sharna Burgess,24,5,29,Prime (25-34),Athlete,Sports,Texas,Southwest,,3.157047358442309,8,0.07142857142857142,0.35714285714285715,6.571428571428571,5.5,0.2514880952380954,0.8510964894622701,8.0,8
Simone Biles,Sasha Farber,24,4,20,Young (18-24),Athlete,Sports,Ohio,Midwest,,3.157047358442309,7,0.0,0.16666666666666666,6.083333333333333,8.0,0.2729166666666664,0.8579691784155834,10.0,9
David Ross,Lindsay Arnold,24,2,40,Mid (35-44),Athlete,Sports,Georgia,Southeast,7.928571428571429,0.03960001384179196,8,0.1,0.4,5.4,7.0,0.21742378787878822,0.6887095269460486,9.083325,10
Rashad Jennings,Emma Slater,24,1,32,Prime (25-34),Athlete,Sports,Virginia,Southeast,,3.157047358442309,7,0.0625,0.0625,7.9375,7.75,0.26363545454545445,0.984249079260428,9.91665,10
Chris Kattan,Witney Carson,24,12,46,Mature (45-54),Comedian,Entertainment,California,West,,6.031899086051454,6,0.07142857142857142,0.35714285714285715,5.5,4.25,1.2499999999999987,0.625,5.5,2
Erika Jayne,Gleb Savchenko,24,9,45,Mature (45-54),Singer/Rapper,Entertainment,Georgia,Southeast,,9.632781422233716,8,0.0,0.0,8.461538461538462,6.0,0.44999999999999984,0.7071067811865476,8.0,5
Normani,Valentin Chmerkovskiy,24,3,20,Young (18-24),Singer/Rapper,Entertainment,Georgia,Southeast,1058.7142857142858,6.929221870135372,11,0.15789473684210525,0.47368421052631576,5.2631578947368425,6.75,0.3143921212121214,1.0874973563646029,10.5,10
Nick Viall,Peta Murgatroyd,24,6,36,Mid (35-44),TV Personality,Entertainment,Wisconsin,Midwest,,6.435366506974363,11,0.13333333333333333,0.13333333333333333,7.4,6.0,0.4375000000000001,0.9599771468368293,8.5,7
Sasha Pieterse,Gleb Savchenko,25,10,21,Young (18-24),Actor/Actress,Entertainment,,International,,8.572830591817263,9,0.0,0.0,8.461538461538462,6.0,0.45,0.8432740427115679,8.0,5
Frankie Muniz,Witney Carson,25,3,31,Prime (25-34),Actor/Actress,Entertainment,New Jersey,Northeast,,8.572830591817263,7,0.07142857142857142,0.35714285714285715,5.5,6.333333333333333,0.28636106060606076,1.1436869048440685,10.0,10
Jordan Fisher,Lindsay Arnold,25,1,23,Young (18-24),Actor/Actress,Entertainment,Alabama,Southeast,1309.392857142857,8.572830591817263,9,0.1,0.4,5.4,7.333333333333333,0.25303030303030283,0.9147328085900882,10.0,10
Derek Fisher,Sharna Burgess,25,11,43,Mid (35-44),Athlete,Sports,Arkansas,Southeast,,3.157047358442309,9,0.07142857142857142,0.35714285714285715,6.571428571428571,6.0,0.5666666666666664,0.6400954789890508,7.666666666666667,4
Nikki Bella,Artem Chigvintsev,25,8,33,Prime (25-34),Athlete,Sports,California,West,,3.157047358442309,6,0.08333333333333333,0.08333333333333333,7.416666666666667,6.666666666666667,0.39285714285714274,0.9671474291233286,9.0,7
Terrell Owens,Cheryl Burke,25,6,43,Mid (35-44),Athlete,Sports,Alabama,Southeast,,3.157047358442309,23,0.08,0.32,5.8,5.0,0.4751984126984128,1.2689107725175601,9.25,8
Victoria Arlen,Valentin Chmerkovskiy,25,5,22,Young (18-24),Athlete,Sports,New Hamshire,US-Other,410.35714285714283,2.6781785971031624,12,0.15789473684210525,0.47368421052631576,5.2631578947368425,6.333333333333333,0.28472222222222254,1.026233407592401,9.5,9
Barbara Corcoran,Keo Motsepe,25,13,68,Senior (55+),Entrepreneur,Other,New Jersey,Northeast,,18.10594851009501,6,0.0,0.1111111111111111,9.88888888888889,4.666666666666667,0.9999999999999987,0.5,5.666666666666667,2
Lindsey Stirling,Mark Ballas,25,2,31,Prime (25-34),Musician,Other,California,West,,,20,0.14285714285714285,0.47619047619047616,5.190476190476191,7.333333333333333,0.23131313131313133,0.8725760075138951,10.0,10
Debbie Gibson,Alan Bersten,25,12,47,Mature (45-54),Singer/Rapper,Entertainment,New York,Northeast,,9.632781422233716,0,0.1111111111111111,0.2222222222222222,6.111111111111111,5.666666666666667,1.1666666666666652,0.583333333333333,6.833333333333333,2
Nick Lachey,Peta Murgatroyd,25,9,43,Mid (35-44),Singer/Rapper,Entertainment,Kentucky,Southeast,3942.3571428571427,25.836225062333593,12,0.13333333333333333,0.13333333333333333,7.4,6.0,0.16666666666666707,0.5068968775248516,7.333333333333333,6
Drew Scott,Emma Slater,25,4,39,Mid (35-44),TV Personality,Entertainment,,International,,6.435366506974363,8,0.0625,0.0625,7.9375,5.333333333333333,0.2972222222222222,1.1335248000031684,9.5,10
Vanessa Lachey,Maksim Chmerkoskiy,25,7,36,Mid (35-44),TV Personality,Entertainment,,International,,6.435366506974363,23,0.058823529411764705,0.29411764705882354,6.0,7.0,0.30952380952381,0.6658157835290268,9.0,7
Jamie Anderson,Artem Chigvintsev,26,10,27,Prime (25-34),Athlete,Sports,California,West,,3.157047358442309,7,0.08333333333333333,0.08333333333333333,7.416666666666667,6.333333333333333,,,,1
Johnny Damon,Emma Slater,26,9,44,Mid (35-44),Athlete,Sports,Kansas,Midwest,719.8214285714286,4.707223984391038,9,0.0625,0.0625,7.9375,6.0,,,,1
Kareem Abdul-Jabbar,Lindsay Arnold,26,8,71,Senior (55+),Athlete,Sports,New York,Northeast,,3.157047358442309,10,0.1,0.4,5.4,5.666666666666667,1.7083333333333317,0.8541666666666665,7.375,2
Arike Ogunbowale,Gleb Savchenko,26,7,21,Young (18-24),Athlete,Sports,Wisconsin,Midwest,,3.157047358442309,10,0.0,0.0,8.461538461538462,6.666666666666667,2.0833333333333304,1.0416666666666665,8.75,2
Jennie Finch Daigle,Keo Motsepe,26,6,37,Mid (35-44),Athlete,Sports,California,West,,3.157047358442309,7,0.0,0.1111111111111111,9.88888888888889,7.0,0.12499999999999982,0.3679900360969936,7.875,3
Chris Mazdzer,Witney Carson,26,5,29,Prime (25-34),Athlete,Sports,Massachusetts,Northeast,19.5,0.11546968556496236,8,0.07142857142857142,0.35714285714285715,5.5,7.0,0.6249999999999999,0.5892556509887896,8.25,3
Mirai Nagasu,Alan Bersten,26,4,25,Prime (25-34),Athlete,Sports,California,West,,3.157047358442309,1,0.1111111111111111,0.2222222222222222,6.111111111111111,7.666666666666667,0.5416666666666656,0.6608542918539065,9.25,3
Tonya Harding,Sasha Farber,26,3,47,Mature (45-54),Athlete,Sports,Oregon,West,,3.157047358442309,9,0.0,0.16666666666666666,6.083333333333333,7.666666666666667,0.5499999999999988,0.6152009608430584,9.333333333333334,4
Josh Norman,Sharna Burgess,26,2,30,Prime (25-34),Athlete,Sports,South Carolina,Southeast,,3.157047358442309,10,0.07142857142857142,0.35714285714285715,6.571428571428571,8.0,0.6124999999999997,0.7824990015968072,9.5,4
Adam Rippon,Jenna Johnson,26,1,28,Prime (25-34),Athlete,Sports,Pennsylvania,Northeast,273.64285714285717,1.7817924756331125,3,0.2222222222222222,0.4444444444444444,6.444444444444445,8.0,0.5999999999999979,0.8260094833999587,10.25,4
Juan Pablo Di Pace,Cheryl Burke,27,5,39,Mid (35-44),Actor/Actress,Entertainment,,International,,8.572830591817263,25,0.08,0.32,5.8,7.333333333333333,0.2817460317460321,0.9565200236040832,10.0,8
Evanna Lynch,Keo Motsepe,27,3,27,Prime (25-34),Actor/Actress,Entertainment,,International,,8.572830591817263,8,0.0,0.1111111111111111,9.88888888888889,6.0,0.4055555555555551,1.2333945040997565,10.0,9
Nancy McKeon,Valentin Chmerkovskiy,27,11,52,Mature (45-54),Actor/Actress,Entertainment,New York,Northeast,,8.572830591817263,14,0.15789473684210525,0.47368421052631576,5.2631578947368425,6.5,0.41666666666666663,0.3424674446093875,7.333333333333333,3
John Schneider,Emma Slater,27,8,58,Senior (55+),Actor/Actress,Entertainment,New York,Northeast,14.214285714285714,0.0808131688519092,10,0.0625,0.0625,7.9375,6.0,0.2976190476190478,0.9373818897633108,9.0,7
Milo Manheim,Witney Carson,27,2,17,Young (18-24),Actor/Actress,Entertainment,California,West,,8.572830591817263,9,0.07142857142857142,0.35714285714285715,5.5,6.666666666666667,0.2749999999999999,0.9658077637337256,10.0,9
Danelle Umstead,Artem Chigvintsev,27,12,46,Mature (45-54),Athlete,Sports,New Mexico,Southwest,,3.157047358442309,8,0.08333333333333333,0.08333333333333333,7.416666666666667,6.0,0.1666666666666652,0.08333333333333348,6.166666666666667,2
Mary Lou Retton,Sasha Farber,27,9,50,Mature (45-54),Athlete,Sports,West Virginia,Southeast,,3.157047358442309,10,0.0,0.16666666666666666,6.083333333333333,6.666666666666667,0.2666666666666665,0.6285393610547088,8.666666666666666,6
DeMarcus Ware,Lindsay Arnold,27,7,36,Mid (35-44),Athlete,Sports,Alabama,Southeast,483.39285714285717,3.157047358442309,11,0.1,0.4,5.4,7.666666666666667,0.18452380952380976,0.5624291338579864,8.833333333333334,7
Nikki Glaser,Gleb Savchenko,27,13,34,Prime (25-34),Comedian,Entertainment,Ohio,Midwest,,6.031899086051454,11,0.0,0.0,8.461538461538462,5.833333333333333,,,,1
Bobby Bones,Sharna Burgess,27,1,38,Mid (35-44),Radio Personality,Other,Arkansas,Southeast,,7.407856465821052,11,0.07142857142857142,0.35714285714285715,6.571428571428571,6.666666666666667,0.25555555555555537,0.863447646435168,9.0,9
Tinashe,Brandon Armstrong,27,10,25,Prime (25-34),Singer/Rapper,Entertainment,Kentucky,Southeast,,9.632781422233716,0,0.0,0.125,9.125,7.666666666666667,0.33333333333333287,0.4999999999999998,9.0,4
Alexis Ren,Alan Bersten,27,4,21,Young (18-24),Social Media Personality,Other,California,West,846.0357142857143,5.534765403741916,2,0.1111111111111111,0.2222222222222222,6.111111111111111,7.333333333333333,0.24722222222222195,0.7412035591181296,9.666666666666666,9
Joe Amabile,Jenna Johnson,27,6,32,Prime (25-34),TV Personality,Entertainment,Illinois,Midwest,,6.435366506974363,4,0.2222222222222222,0.4444444444444444,6.444444444444445,4.666666666666667,0.4246031746031747,1.136515141415488,7.833333333333333,8
Kate Flannery,Pasha Pashkov,28,7,55,Senior (55+),Actor/Actress,Entertainment,Pennsylvania,Northeast,,8.572830591817263,0,0.0,0.14285714285714285,10.428571428571429,5.0,0.418645238095238,1.2174505182449922,9.0,8
James Van Der Beek,Emma Slater,28,5,42,Mid (35-44),Actor/Actress,Entertainment,Connecticut,Northeast,,8.572830591817263,11,0.0625,0.0625,7.9375,7.0,0.3100989898989899,1.1701005656495231,10.6666,10
Kel Mitchell,Witney Carson,28,2,41,Mid (35-44),Actor/Actress,Entertainment,Illinois,Midwest,834.7857142857143,5.461003222899944,10,0.07142857142857142,0.35714285714285715,5.5,5.333333333333333,0.41287757575757594,1.4178943960230765,9.999933333333333,11
Ray Lewis,Cheryl Burke,28,11,44,Mid (35-44),Athlete,Sports,Florida,Southeast,,3.157047358442309,26,0.08,0.32,5.8,5.0,-4.440892098500626e-16,0.0,5.0,2
Lamar Odom,Peta Murgatroyd,28,10,39,Mid (35-44),Athlete,Sports,New York,Northeast,,3.157047358442309,15,0.13333333333333333,0.13333333333333333,7.4,3.6666666666666665,0.39999999999999986,0.5,5.0,4
Sailor Brinkley-Cook,Valentin Chmerkovskiy,28,9,21,Young (18-24),Model,Media,New York,Northeast,,6.714257800253056,15,0.15789473684210525,0.47368421052631576,5.2631578947368425,6.0,0.6023809523809524,1.0827099345942734,9.0,6
Sean Spicer,Lindsay Arnold,28,6,48,Mature (45-54),Politician,Other,New York,Northeast,1104.1785714285713,7.227314746998321,12,0.1,0.4,5.4,4.0,0.3125,0.9703244263932648,7.0,9
Mary Wilson,Brandon Armstrong,28,12,75,Senior (55+),Singer/Rapper,Entertainment,Nevada,West,,9.632781422233716,1,0.0,0.125,9.125,5.666666666666667,-0.6666666666666683,0.3333333333333335,5.666666666666667,2
Lauren Alaina,Gleb Savchenko,28,4,24,Young (18-24),Singer/Rapper,Entertainment,Georgia,Southeast,,9.632781422233716,12,0.0,0.0,8.461538461538462,6.333333333333333,0.30984848484848526,1.0745298158119534,9.5,11
Ally Brooke,Sasha Farber,28,3,26,Prime (25-34),Singer/Rapper,Entertainment,Texas,Southwest,,9.632781422233716,11,0.0,0.16666666666666666,6.083333333333333,5.333333333333333,0.4181818181818182,1.4429779940374698,10.0,11
Karamo Brown,Jenna Johnson,28,8,38,Mid (35-44),TV Personality,Entertainment,Texas,Southwest,2263.1428571428573,14.82622436764216,5,0.2222222222222222,0.4444444444444444,6.444444444444445,5.666666666666667,0.47023809523809545,1.0653265391046234,8.333333333333334,7
Hannah Brown,Alan Bersten,28,1,24,Young (18-24),TV Personality,Entertainment,Alabama,Southeast,,6.435366506974363,3,0.1111111111111111,0.2222222222222222,6.111111111111111,6.666666666666667,0.2693169696969698,1.0200609015110578,10.333266666666667,11
Anne Heche,Keo Motsepe,29,13,51,Mature (45-54),Actor/Actress,Entertainment,Ohio,Midwest,,8.572830591817263,10,0.0,0.1111111111111111,9.88888888888889,6.0,0.19999999999999946,0.7071067811865476,7.0,4
Jesse Metcalfe,Sharna Burgess,29,12,41,Mid (35-44),Actor/Actress,Entertainment,California,West,,8.572830591817263,13,0.07142857142857142,0.35714285714285715,6.571428571428571,6.0,0.09999999999999981,0.3399346342395191,7.0,5
Chrishell Stause,Gleb Savchenko,29,8,39,Mid (35-44),Actor/Actress,Entertainment,Kentucky,Southeast,2522.6428571428573,16.527672005730295,13,0.0,0.0,8.461538461538462,4.333333333333333,0.5595238095238096,1.4331152934933198,9.0,8
Skai Jackson,Alan Bersten,29,5,18,Young (18-24),Actor/Actress,Entertainment,New York,Northeast,,8.572830591817263,4,0.1111111111111111,0.2222222222222222,6.111111111111111,7.0,0.40706585858585853,1.630342295565907,9.6666,10
Justina Machado,Sasha Farber,29,4,48,Mature (45-54),Actor/Actress,Entertainment,Illinois,Midwest,,8.572830591817263,12,0.0,0.16666666666666666,6.083333333333333,7.0,0.3333303030303031,1.1586615567320202,10.0,11
Charles Oakley,Emma Slater,29,15,56,Senior (55+),Athlete,Sports,Ohio,Midwest,,3.157047358442309,12,0.0625,0.0625,7.9375,4.0,0.9999999999999991,0.5,5.0,2
Veron Davis,Peta Murgatroyd,29,11,36,Mid (35-44),Athlete,Sports,Washington D.C.,US-Other,,3.157047358442309,16,0.13333333333333333,0.13333333333333333,7.4,5.666666666666667,0.2761904761904763,0.6502611061510901,7.333333333333333,6
Johnny Weir,Britt Stewart,29,6,36,Mid (35-44),Athlete,Sports,Pennsylvania,Northeast,,3.157047358442309,0,0.0,0.0,10.0,6.0,0.4252525252525252,1.4576426936057485,10.0,10
Nev Schulman,Jenna Johnson,29,2,35,Mid (35-44),Producer,Other,New York,Northeast,,,6,0.2222222222222222,0.4444444444444444,6.444444444444445,6.666666666666667,0.35454363636363645,1.1914866362690408,10.0,11
AJ McLean,Cheryl Burke,29,7,42,Mid (35-44),Singer/Rapper,Entertainment,Florida,Southeast,,9.632781422233716,27,0.08,0.32,5.8,6.0,0.3611066666666664,1.0553894608243937,9.0,9
Nelly,Daniella Karagach,29,3,45,Mature (45-54),Singer/Rapper,Entertainment,Texas,Southwest,3279.25,21.488471374419692,0,0.2,0.6,4.6,5.333333333333333,0.3924242424242424,1.3417434486866944,9.5,11
Kaitlyn Bristowe,Artem Chigvintsev,29,1,35,Mid (35-44),TV Personality,Entertainment,,International,,6.435366506974363,10,0.08333333333333333,0.08333333333333333,7.416666666666667,6.666666666666667,0.32121212121212117,1.1009637651263606,10.0,11
Carole Baskin,Pasha Pashkov,29,14,59,Senior (55+),TV Personality,Entertainment,Texas,Southwest,,6.435366506974363,1,0.0,0.14285714285714285,10.428571428571429,3.6666666666666665,0.16666666666666774,0.7200822998230955,5.333333333333333,3
Monica Aldama,Valentin Chmerkovskiy,29,10,48,Mature (45-54),TV Personality,Entertainment,Alabama,Southeast,,6.435366506974363,16,0.15789473684210525,0.47368421052631576,5.2631578947368425,6.333333333333333,0.42857142857142877,1.2009066869446183,9.0,7
Jeannie Mai,Brandon Armstrong,29,9,41,Mid (35-44),TV Personality,Entertainment,California,West,687.3214285714286,4.494133239736454,2,0.0,0.125,9.125,6.0,0.44047619047619074,0.9331389496316871,8.333333333333334,7
Martin Kove,Britt Stewart,30,15,75,Senior (55+),Actor/Actress,Entertainment,New York,Northeast,,8.572830591817263,1,0.0,0.0,10.0,3.25,0.49999999999999956,0.25,3.75,2
Brian Austin Green,Sharna Burgess,30,13,48,Mature (45-54),Actor/Actress,Entertainment,California,West,,8.572830591817263,14,0.07142857142857142,0.35714285714285715,6.571428571428571,6.0,0.2083333333333328,0.29092166757851956,6.5,4
Melora Hardin,Artem Chigvintsev,30,6,54,Mature (45-54),Actor/Actress,Entertainment,Texas,Southwest,,8.572830591817263,11,0.08333333333333333,0.08333333333333333,7.416666666666667,6.5,0.4048611111111108,1.2314118610228522,10.5,9
Matt James,Lindsay Arnold,30,12,29,Prime (25-34),Athlete,Sports,North Carolina,Southeast,2.72,0.005449294940226617,14,0.1,0.4,5.4,6.0,0.454166666666666,0.6210814660734935,7.125,4
"Mike ""The Miz"" Mizanin",Witney Carson,30,9,40,Mid (35-44),Athlete,Sports,Ohio,Midwest,,3.157047358442309,12,0.07142857142857142,0.35714285714285715,5.5,6.0,0.380952380952381,0.8592484059509519,8.5,7
Suni Lee,Sasha Farber,30,5,18,Young (18-24),Athlete,Sports,Minnesota,Midwest,,3.157047358442309,13,0.0,0.16666666666666666,6.083333333333333,7.0,0.39166666666666633,1.1533633051125942,10.5,9
Iman Shumpert,Daniella Karagach,30,1,31,Prime (25-34),Athlete,Sports,Illinois,Midwest,,3.157047358442309,1,0.2,0.6,4.6,5.25,0.4944444444444443,1.5835745430302084,10.0,10
Cody Rigsby,Cheryl Burke,30,3,34,Prime (25-34),Fitness Instructor,Other,California,West,142.21428571428572,0.9200628708761153,28,0.08,0.32,5.8,6.0,0.45681818181818196,1.405402522411284,9.5,10
Melanie C,Gleb Savchenko,30,11,47,Mature (45-54),Singer/Rapper,Entertainment,,International,,9.632781422233716,14,0.0,0.0,8.461538461538462,6.75,0.5249999999999995,0.7806692285753579,9.0,5
Jimmie Allen,Emma Slater,30,7,36,Mid (35-44),Singer/Rapper,Entertainment,Delaware,Southeast,,9.632781422233716,13,0.0625,0.0625,7.9375,5.5,0.47767857142857173,1.327123805636125,9.5,8
Olivia Jade,Valentin Chmerkovskiy,30,8,21,Young (18-24),Social Media Personality,Other,California,West,,18.224904662056034,17,0.15789473684210525,0.47368421052631576,5.2631578947368425,6.25,0.49107142857142877,1.2804875780342424,10.5,8
JoJo Siwa,Jenna Johnson,30,2,18,Young (18-24),Social Media Personality,Other,Nebraska,Midwest,4716.964285714285,30.915043920370145,7,0.2222222222222222,0.4444444444444444,6.444444444444445,7.25,0.33181818181818185,1.0726718976462468,10.25,10
Christine Chiu,Pasha Pashkov,30,14,38,Mid (35-44),TV Personality,Entertainment,,International,,6.435366506974363,2,0.0,0.14285714285714285,10.428571428571429,6.25,0.3749999999999995,0.42491829279939874,7.0,3
Kenya Moore,Brandon Armstrong,30,10,50,Mature (45-54),TV Personality,Entertainment,Michigan,Midwest,,6.435366506974363,3,0.0,0.125,9.125,6.5,0.4821428571428576,0.9835893028427397,9.0,6
Amanda Kloots,Alan Bersten,30,4,39,Mid (35-44),TV Personality,Entertainment,Ohio,Midwest,,6.435366506974363,5,0.1111111111111111,0.2222222222222222,6.111111111111111,7.0,0.3037878787878788,1.0417083325000334,10.5,10
Jason Lewis,Peta Murgatroyd,31,16,51,Mature (45-54),Actor/Actress,Entertainment,California,West,5.535714285714286,0.023910915059531412,18,0.13333333333333333,0.13333333333333333,7.4,4.5,,,,1
Cheryl Ladd,Louis van Amstel,31,14,71,Senior (55+),Actor/Actress,Entertainment,South Dakota,Midwest,,8.572830591817263,30,0.0,0.09090909090909091,7.0,5.25,0.3749999999999999,0.3535533905932738,6.0,3
Selma Blair,Sasha Farber,31,12,50,Mature (45-54),Actor/Actress,Entertainment,Michigan,Midwest,,8.572830591817263,14,0.0,0.16666666666666666,6.083333333333333,7.0,0.6999999999999993,1.16619037896906,10.0,5
Joseph Baena,Daniella Karagach,31,11,24,Young (18-24),Actor/Actress,Entertainment,California,West,,8.572830591817263,2,0.2,0.6,4.6,5.75,0.6999999999999996,1.065363787633126,8.75,5
Trevor Donovan,Emma Slater,31,6,39,Mid (35-44),Actor/Actress,Entertainment,California,West,1497.0714285714287,9.803371100784116,14,0.0625,0.0625,7.9375,5.25,0.4291666666666666,1.4043582955293932,9.75,9
Daniel Durant,Britt Stewart,31,5,32,Prime (25-34),Actor/Actress,Entertainment,Michigan,Midwest,,8.572830591817263,2,0.0,0.0,10.0,6.75,0.3166666666666669,0.9219125986264494,9.75,9
Wayne Brady,Witney Carson,31,3,50,Mature (45-54),Comedian,Entertainment,Georgia,Southeast,,6.031899086051454,13,0.07142857142857142,0.35714285714285715,5.5,7.25,0.25984848484848505,1.0943748215305396,11.25,10
Sam Champion,Cheryl Burke,31,13,61,Senior (55+),News Anchor,Media,Kentucky,Southeast,,0.060909088307250316,29,0.08,0.32,5.8,5.0,0.34999999999999887,0.5863019699779287,6.5,4
Jessie James Decker,Alan Bersten,31,10,34,Prime (25-34),Singer/Rapper,Entertainment,,International,453.0357142857143,2.95800655299572,6,0.1111111111111111,0.2222222222222222,6.111111111111111,5.0,0.7000000000000004,1.3123346456686351,9.0,6
Jordin Sparks,Brandon Armstrong,31,9,32,Prime (25-34),Singer/Rapper,Entertainment,Arizona,Southwest,,9.632781422233716,4,0.0,0.125,9.125,6.5,0.41071428571428564,0.9171690027425898,8.875,7
Heidi D'Amelio,Artem Chigvintsev,31,8,50,Mature (45-54),Social Media Personality,Other,Louisiana,Southeast,,18.224904662056034,12,0.08333333333333333,0.08333333333333333,7.416666666666667,6.0,0.3839285714285716,1.121086944665756,9.75,8
Charli D'Amelio,Mark Ballas,31,1,18,Young (18-24),Social Media Personality,Other,Connecticut,Northeast,,18.224904662056034,26,0.14285714285714285,0.47619047619047616,5.190476190476191,8.0,0.29545454545454536,1.05741429912783,11.25,10
Teresa Giudice,Pasha Pashkov,31,15,50,Mature (45-54),TV Personality,Entertainment,New Jersey,Northeast,1031.5,6.75078764219384,3,0.0,0.14285714285714285,10.428571428571429,5.0,0.7499999999999991,0.375,5.75,2
Vinny Guadagnino,Koko Iwasaki,31,7,34,Prime (25-34),TV Personality,Entertainment,New York,Northeast,,6.435366506974363,0,0.0,0.0,10.5,4.25,0.3675595238095239,1.122284047990971,7.875,8
Shangela,Gleb Savchenko,31,4,40,Mid (35-44),TV Personality,Entertainment,Texas,Southwest,,6.435366506974363,15,0.0,0.0,8.461538461538462,7.0,0.3340909090909092,1.1339229471176602,10.5,10
Gabby Windey,Valentin Chmerkovskiy,31,2,31,Prime (25-34),TV Personality,Entertainment,Illinois,Midwest,,6.435366506974363,18,0.15789473684210525,0.47368421052631576,5.2631578947368425,7.0,0.29318181818181827,1.0081697525714606,10.25,10
Jamie Lynn Spears,Alan Bersten,32,13,32,Prime (25-34),Actor/Actress,Entertainment,Mississippi,Southeast,2329.3928571428573,15.260601654822656,7,0.1111111111111111,0.2222222222222222,6.111111111111111,5.0,0.33333333333333215,0.16666666666666652,5.333333333333333,2
Mira Sorvino,Gleb Savchenko,32,10,55,Senior (55+),Actor/Actress,Entertainment,New York,Northeast,,8.572830591817263,16,0.0,0.0,8.461538461538462,5.666666666666667,0.43333333333333324,0.6146362971528591,7.333333333333333,5
Barry Williams,Peta Murgatroyd,32,7,68,Senior (55+),Actor/Actress,Entertainment,California,West,,8.572830591817263,19,0.13333333333333333,0.13333333333333333,7.4,5.333333333333333,0.5570436507936511,1.3523926681328335,8.75,8
Alyson Hannigan,Sasha Farber,32,5,49,Mature (45-54),Actor/Actress,Entertainment,Washington D.C.,US-Other,,8.572830591817263,15,0.0,0.16666666666666666,6.083333333333333,4.333333333333333,0.40833333333333355,1.435840909870345,9.0,11
Xochitl Gomez,Valentin Chmerkovskiy,32,1,17,Young (18-24),Actor/Actress,Entertainment,California,West,1078.6785714285713,7.060120470423185,19,0.15789473684210525,0.47368421052631576,5.2631578947368425,6.0,0.33333333333333365,1.2729527217348915,10.5,11
Adrian Peterson,Britt Stewart,32,11,38,Mid (35-44),Athlete,Sports,Texas,Southwest,,3.157047358442309,3,0.0,0.0,10.0,6.0,0.34999999999999887,0.739509972887452,7.0,4
Matt Walsh,Koko Iwasaki,32,14,58,Senior (55+),Comedian,Entertainment,Illinois,Midwest,,6.031899086051454,1,0.0,0.0,10.5,4.0,,,,1
Tyson Beckford,Jenna Johnson,32,12,52,Mature (45-54),Model,Media,New York,Northeast,,6.714257800253056,9,0.2222222222222222,0.4444444444444444,6.444444444444445,4.0,0.4999999999999999,0.816496580927726,6.0,3
Jason Mraz,Daniella Karagach,32,2,46,Mature (45-54),Singer/Rapper,Entertainment,Virginia,Southeast,854.9285714285714,5.593072651455092,3,0.2,0.6,4.6,7.0,0.25681818181818195,1.0244934245076949,10.75,11
Lele Pons,Brandon Armstrong,32,8,27,Prime (25-34),Social Media Personality,Other,,International,,18.224904662056034,5,0.0,0.125,9.125,6.333333333333333,0.5044642857142859,1.0634291322294949,9.25,7
Harry Jowsey,Rylee Arnold,32,6,26,Prime (25-34),TV Personality,Entertainment,,International,,6.435366506974363,0,0.0,0.0,6.666666666666667,4.0,0.4041666666666665,1.2133516482134197,8.0,9
Mauricio Umansky,Emma Slater,32,9,53,Mature (45-54),TV Personality,Entertainment,,International,,6.435366506974363,15,0.0625,0.0625,7.9375,5.0,0.823809523809524,1.524238324257661,8.25,6
Charity Lawson,Artem Chigvintsev,32,4,27,Prime (25-34),TV Personality,Entertainment,Georgia,Southeast,18.142857142857142,0.10657139073323249,13,0.08333333333333333,0.08333333333333333,7.416666666666667,7.333333333333333,0.2863636363636367,1.0002869193528758,9.833333333333334,11
Ariana Madix,Pasha Pashkov,32,3,38,Mid (35-44),TV Personality,Entertainment,Florida,Southeast,,6.435366506974363,4,0.0,0.14285714285714285,10.428571428571429,7.0,0.309090909090909,1.2036636757254036,10.5,11
Tori Spelling,Pasha Pashkov,33,12,51,Mature (45-54),Actor/Actress,Entertainment,California,West,,8.572830591817263,5,0.0,0.14285714285714285,10.428571428571429,5.666666666666667,0.6666666666666652,0.33333333333333304,6.333333333333333,2
Eric Roberts,Britt Stewart,33,10,68,Senior (55+),Actor/Actress,Entertainment,California,West,,8.572830591817263,4,0.0,0.0,10.0,5.0,0.3750000000000005,0.3535533905932738,5.75,3
Reginald VelJohnson,Emma Slater,33,10,74,Senior (55+),Actor/Actress,Entertainment,New York,Northeast,4202.607142857143,27.542590179144533,16,0.0625,0.0625,7.9375,5.333333333333333,-0.04166666666666674,0.1416394309331328,5.333333333333333,3
Chandler Kinney,Brandon Armstrong,33,3,24,Young (18-24),Actor/Actress,Entertainment,California,West,,8.572830591817263,6,0.0,0.125,9.125,7.666666666666667,0.32916666666666633,1.0053867261585474,10.666666666666666,9
Dwight Howard,Daniella Karagach,33,6,38,Mid (35-44),Athlete,Sports,Georgia,Southeast,,3.157047358442309,4,0.2,0.6,4.6,7.333333333333333,0.3392857142857148,1.129008354240826,10.333333333333334,7
Danny Amendola,Witney Carson,33,5,39,Mid (35-44),Athlete,Sports,Texas,Southwest,,3.157047358442309,15,0.07142857142857142,0.35714285714285715,5.5,6.666666666666667,0.31666666666666665,0.954018286843797,9.333333333333334,9
Stephen Nedoroscik,Rylee Arnold,33,4,26,Prime (25-34),Athlete,Sports,Florida,Southeast,878.6071428571429,5.748324479703432,1,0.0,0.0,6.666666666666667,7.0,0.3236111111111112,0.8924504266682588,9.833333333333334,9
Ilona Maher,Alan Bersten,33,2,28,Prime (25-34),Athlete,Sports,California,West,,3.157047358442309,8,0.1111111111111111,0.2222222222222222,6.111111111111111,6.0,0.41388888888888875,1.1243043879007806,9.5,9
Anna Delvey,Ezra Sosa,33,12,33,Prime (25-34),Con artist,Other,,International,,,0,0.0,0.0,12.0,6.0,-0.3333333333333348,0.16666666666666652,6.0,2
Brooks Nader,Gleb Savchenko,33,9,27,Prime (25-34),Model,Media,New York,Northeast,,6.714257800253056,17,0.0,0.0,8.461538461538462,6.0,0.6958333333333326,0.7874751980221345,8.0,4
Phaedra Parks,Val Chmerkovskiy,33,8,51,Mature (45-54),TV Personality,Entertainment,Georgia,Southeast,772.4642857142857,5.052384157600769,0,0.0,0.0,8.0,6.333333333333333,0.43333333333333324,0.6463573143221774,8.0,5
Jenn Tran,Sasha Farber,33,7,26,Prime (25-34),TV Personality,Entertainment,Florida,Southeast,,6.435366506974363,16,0.0,0.16666666666666666,6.083333333333333,6.333333333333333,0.7642857142857148,1.3674032567851617,10.333333333333334,6
Joey Graziadei,Jenna Johnson,33,1,29,Prime (25-34),TV Personality,Entertainment,Louisiana,Southeast,,6.435366506974363,10,0.2222222222222222,0.4444444444444444,6.444444444444445,7.0,0.34722222222222243,1.0955703302036326,10.666666666666666,9
Corey Feldman,Jenna Johnson,34,13,54,Mature (45-54),Actor/Actress,Entertainment,California,West,,8.572830591817263,11,0.2222222222222222,0.4444444444444444,6.444444444444445,4.5,0.49999999999999867,0.25,5.0,2
Danielle Fishel,Pasha Pashkov,34,8,44,Mid (35-44),Actor/Actress,Entertainment,California,West,2335.6071428571427,15.301346478525838,6,0.0,0.14285714285714285,10.428571428571429,6.0,0.4890873015873017,1.1729277678574717,9.25,8
Elaine Hendrix,Alan Bersten (Rashad Jennings week 9),34,5,55,Senior (55+),Actor/Actress,Entertainment,Georgia,Southeast,,8.572830591817263,0,0.0,0.0,5.0,6.0,0.34166363636363634,1.1595163411761584,9.6666,11
Baron Davis,Britt Stewart,34,13,46,Mature (45-54),Athlete,Sports,California,West,,3.157047358442309,5,0.0,0.0,10.0,5.0,1.0,0.5,6.0,2
Jordan Chiles,Ezra Sosa (Apolo Anton Ohno week 9),34,3,24,Young (18-24),Athlete,Sports,Texas,Southwest,,3.157047358442309,0,0.0,1.0,3.0,5.0,0.3941909090909092,1.4425872251949565,9.888866666666667,11
Andy Richter,Emma Slater/Kaitlyn Bristowe (week 9),34,7,59,Senior (55+),Comedian,Entertainment,California,West,1309.6785714285713,8.574703917044994,0,0.0,0.0,7.0,4.5,0.39583333333333326,1.1158079740001188,8.5,9
Robert Irwin,Witney Carson (Xoshitl Gomez week 9),34,1,22,Young (18-24),Conservationist,Other,,International,,,0,1.0,1.0,1.0,7.5,0.3388878787878789,1.2024798968364023,10.5,11
Hilaria Baldwin,Gleb Savchenko,34,11,41,Mid (35-44),Entrepreneur,Other,New York,Northeast,,18.10594851009501,18,0.0,0.0,8.461538461538462,7.0,0.23333333333333328,0.2763853991962834,7.666666666666667,4
Lauren Jauregui,Brandon Armstrong,34,12,29,Prime (25-34),Singer/Rapper,Entertainment,Florida,Southeast,,9.632781422233716,7,0.0,0.125,9.125,6.5,-0.25000000000000006,0.408248290463863,7.0,3
Scott Hoying,Rylee Arnold,34,10,34,Prime (25-34),Singer/Rapper,Entertainment,California,West,3730.964285714286,24.450198559464937,2,0.0,0.0,6.666666666666667,5.0,0.4047619047619049,0.8735658440842436,7.5,6
Alix Earle,Val Chmerkovskiy (Joey Graziadei week 9),34,2,24,Young (18-24),Social media personality,Media,Florida,Southeast,,,0,0.0,1.0,2.0,6.5,0.3674242424242427,1.2994025433625138,10.75,11
Jen Affleck,Jan Ravnik,34,9,26,Prime (25-34),TV Personality,Entertainment,Utah,West,,6.435366506974363,0,0.0,0.0,9.0,6.0,0.34821428571428586,0.8187499459071144,8.5,7
Whitney Leavitt,Mark Ballas,34,6,32,Prime (25-34),TV Personality,Entertainment,Utah,West,,6.435366506974363,29,0.14285714285714285,0.47619047619047616,5.190476190476191,7.5,0.357828282828283,1.153203569289578,10.5,10
Dylan Efron,Daniella Karagach (Rumer Willis week 9),34,4,33,Prime (25-34),TV Personality,Entertainment,California,West,1.8888888888888888,0.0,0,0.0,0.0,4.0,5.0,0.4232303030303031,1.521833454661906,10.5,11
