celebrity_name,ballroom_partner,season,placement,celebrity_age_during_season,star_power_index,industry_cluster,cluster,archetype,pca1,pca2
John O'Hurley,Charlotte Jorgensen,1,2,50,6.245223996359504,Entertainment,1,Underdogs,0.4195276297998237,0.28886405818794914
Kelly Monaco,Alec Mazo,1,1,29,3.457716057493392,Entertainment,0,Fast Learners,-1.2013879239610052,2.7951445167214675
Evander Holyfield,Edyta Sliwinska,1,5,42,21.877186359174207,Sports,3,Veteran Stars,1.0985196767450214,-2.140808739120195
Rachel Hunter,Jonathan Roberts,1,4,35,11.15005777387039,Media,1,Underdogs,-0.07194339987356288,0.3257355728091149
Joey McIntyre,Ashly DelGrosso,1,3,32,7.834506286437151,Entertainment,1,Underdogs,0.5504529672065132,-0.6142288229289653
Trista Sutter,Louis van Amstel,1,6,32,1.526551913354545,Entertainment,1,Underdogs,0.6537707421888771,0.2385516226471652
Tatum O'Neal,Nick Kosovich,2,9,42,18.909839198445766,Entertainment,3,Veteran Stars,1.1323580809138252,-4.919006726747515
Tia Carrere,Maksim Chmerkoskiy,2,6,39,12.80748226910681,Entertainment,0,Fast Learners,0.3963275051187775,-0.3976234008109499
George Hamilton,Edyta Sliwinska,2,5,66,0.0653582357231152,Entertainment,3,Veteran Stars,1.4831536791908506,0.7746671164658913
Lisa Rinna,Louis van Amstel,2,4,42,12.441949684045486,Entertainment,0,Fast Learners,0.17900848790446255,0.3082171467566624
Stacy Keibler,Tony Dovolani,2,3,26,9.080033397225863,Sports,2,Fast Learners,-1.2449296072215523,-0.6138566103323019
Jerry Rice,Anna Trebunskaya,2,2,43,16.321137899372776,Sports,2,Fast Learners,0.11265356781959604,-0.6823206122021517
Giselle Fernandez,Jonathan Roberts,2,8,44,0.0609090883072503,Media,1,Underdogs,0.5065916482055706,-1.2236874087785945
Master P,Ashly DelGrosso,2,7,35,9.339020609959896,Entertainment,3,Veteran Stars,0.9744483049161048,-0.02202218400149016
Drew Lachey,Cheryl Burke,2,1,29,2.985169768797843,Entertainment,1,Underdogs,-0.5009733232333133,-0.9413920736869075
Harry Hamlin,Ashly DelGrosso,3,9,54,13.74789153342858,Entertainment,0,Fast Learners,1.1894419449284852,1.289383510699893
Vivica A. Fox,Nick Kosovich,3,8,42,14.050901889014328,Entertainment,1,Underdogs,0.6916343330132906,-0.6454456810088268
Monique Coleman,Louis van Amstel,3,4,25,1.80520904097977,Entertainment,1,Underdogs,-0.7264915208847692,0.08011676222545001
Joey Lawrence,Edyta Sliwinska,3,3,30,14.4672484208779,Entertainment,1,Underdogs,-0.22328799809205974,-0.5951364491206874
Mario Lopez,Karina Smirnoff,3,2,32,34.266422752783775,Entertainment,0,Fast Learners,0.08655959861700523,-2.146576880066651
Emmitt Smith,Cheryl Burke,3,1,37,10.6084326174022,Sports,2,Fast Learners,-1.1954860693326261,-0.6536810245407625
Shanna Moakler,Jesse DeSoto,3,10,31,8.873265125214878,Media,1,Underdogs,-0.4309983577785525,1.9952640385060871
Willa Ford,Maksim Chmerkoskiy,3,7,25,2.053190468000873,Entertainment,1,Underdogs,-1.139056949253991,0.09250437146191869
Sara Evans,Tony Dovolani,3,6,35,6.066789768417974,Entertainment,1,Underdogs,-0.14408344178191176,1.5389167777262134
Jerry Springer,Kym Johnson,3,5,62,26.341554542514466,Entertainment,3,Veteran Stars,2.456317948629086,0.2169197495736411
John Ratzenberger,Edyta Sliwinska,4,6,59,13.067171978801245,Entertainment,3,Veteran Stars,1.858230213372427,0.15184316678123966
Ian Ziering,Cheryl Burke,4,4,42,3.2258920605614825,Entertainment,1,Underdogs,0.08660900349362598,-0.11198528681614157
Clyde Drexler,Elena Grinenko,4,8,44,5.446953283691949,Sports,2,Fast Learners,0.6615791608661943,-0.3132942190858206
Laila Ali,Maksim Chmerkoskiy,4,3,29,10.278727377321264,Sports,2,Fast Learners,-1.4967473893047036,-0.6059228987149484
Apolo Anton Ohno,Julianne Hough,4,1,24,0.2487099423874437,Sports,2,Fast Learners,-1.9082574943109512,-0.009787613133990554
Shandi Finnessey,Brian Fortuna,4,10,28,0.6596706642212834,Other,2,Fast Learners,-0.24877992838338855,0.168618381503922
Paulina Porizkova,Alec Mazo,4,11,41,9.351197223940158,Media,1,Underdogs,0.7559637165706096,0.5839529945287022
Heather Mills,Jonathan Roberts,4,7,39,15.884184790004143,Media,1,Underdogs,0.8011426579223309,-0.24769963190659075
Billy Ray Cyrus,Karina Smirnoff,4,5,45,15.638545019517707,Entertainment,3,Veteran Stars,1.491300720549202,0.645347418350148
Joey Fatone,Kym Johnson,4,2,30,7.54882418920793,Entertainment,1,Underdogs,-0.5596028691542964,-0.9473472858595651
Leeza Gibbons,Tony Dovolani,4,9,50,1.8656237795741464,Entertainment,0,Fast Learners,0.38599453134168626,1.2052211364467666
Cameron Mathison,Edyta Sliwinska,5,5,38,6.8889453777391205,Entertainment,1,Underdogs,0.18964456755889686,-0.29156714427771296
Jane Seymour,Tony Dovolani,5,6,56,48.91278188015766,Entertainment,3,Veteran Stars,2.716950045746736,-2.531733774776671
Sabrina Bryan,Mark Ballas,5,7,23,2.600201434498793,Entertainment,0,Fast Learners,-1.0976553416241357,-1.6426437670560476
Jennie Garth,Derek Hough,5,4,35,10.899968855968089,Entertainment,1,Underdogs,0.01405953427926378,-0.3879818137470558
Floyd Mayweather Jr. ,Karina Smirnoff,5,9,30,3.157047358442309,Sports,2,Fast Learners,-0.6632351658983767,0.7539613025806853
Albert Reed,Anna Trebunskaya,5,11,22,0.0082938672475682,Media,2,Fast Learners,-0.09899737024922739,-0.9896918763193782
Helio Castroneves,Julianne Hough,5,1,32,0.0566941065448519,Sports,2,Fast Learners,-1.3820349299606483,-0.8680136570583515
Mel B,Maksim Chmerkoskiy,5,2,32,19.50766411174593,Entertainment,1,Underdogs,0.14154528061543453,-1.3876611755534172
Wayne Newton,Cheryl Burke,5,10,65,18.196804783640044,Entertainment,3,Veteran Stars,2.4358209369235837,-0.9160555813765329
Marie Osmond,Jonathan Roberts,5,3,47,10.176162821102904,Entertainment,0,Fast Learners,0.6103832708621227,-0.6558742623553752
Mark Cuban,Kym Johnson,5,8,49,38.49568862004359,Entertainment,3,Veteran Stars,2.456496992598158,-1.6969032663354409
Cristian de la Fuente,Cheryl Burke,6,3,34,0.042878332990324,Entertainment,1,Underdogs,-0.5691689494807326,0.01677697217059729
Steve Guttenberg,Anna Trebunskaya,6,10,49,8.943514821254851,Entertainment,1,Underdogs,0.9640687556832602,0.6863028095240545
Priscilla Presley,Louis van Amstel,6,8,62,44.76500566030421,Entertainment,3,Veteran Stars,2.8908760014597163,-2.737899568222576
Marlee Matlin,Fabian Sanchez,6,7,42,8.50398588969809,Entertainment,1,Underdogs,0.8517346175799304,-1.19573988000818
Shannon Elizabeth,Derek Hough,6,6,34,20.169416248442474,Entertainment,0,Fast Learners,0.582469109860222,-1.053848404940355
Marissa Jaret Winokur,Tony Dovolani,6,4,35,2.7568582566679316,Entertainment,1,Underdogs,-0.2770350490803131,0.6279244051148812
Jason Taylor,Edyta Sliwinska,6,2,33,0.0122026323862026,Sports,2,Fast Learners,-1.170329783085196,-0.34647983370179447
Kristi Yamaguchi,Mark Ballas,6,1,36,2.807438037816712,Sports,2,Fast Learners,-1.06095877082853,-1.621368885884513
Monica Seles,Jonathan Roberts,6,11,34,7.143249277403821,Sports,2,Fast Learners,1.0761747789232026,-0.021749052125317744
Penn Jillette,Kym Johnson,6,12,53,8.496960920094093,Other,3,Veteran Stars,1.6797169159258925,0.5789654116828741
Adam Carolla,Julianne Hough,6,9,43,7.407856465821052,Other,0,Fast Learners,0.33562805576202737,1.1617677299383413
Mario,Karina Smirnoff,6,5,21,17.06250635824795,Entertainment,1,Underdogs,-0.47168342617526826,-1.5492077833496434
Cloris Leachman,Corky Ballas,7,7,82,16.67566469872117,Entertainment,3,Veteran Stars,2.848798688610024,0.6661374307877219
Susan Lucci,Tony Dovolani,7,6,61,10.70420636967003,Entertainment,3,Veteran Stars,1.7553922892237048,0.18807720962351998
Cody Linley,Julianne Hough,7,4,18,1.2666280380066466,Entertainment,1,Underdogs,-0.9981220679465781,-0.46146008520314924
Misty May-Treanor,Maksim Chmerkoskiy,7,10,31,1.1893533723626768,Sports,2,Fast Learners,-0.16207761448864696,-0.9207548446979289
Maurice Greene,Cheryl Burke,7,5,34,0.009050402435691,Sports,2,Fast Learners,-1.0969388865776708,0.356765858163757
Warren Sapp,Kym Johnson,7,2,35,7.147932590473153,Sports,2,Fast Learners,-0.6547683721677863,-0.5664375578421417
Toni Braxton,Alec Mazo,7,8,40,9.926542234507536,Entertainment,3,Veteran Stars,1.081548294962837,-1.5060625375473475
Lance Bass,Lacey Schwimmer,7,3,29,8.544730713401274,Entertainment,1,Underdogs,-0.6289810532404521,-0.3909317058543084
Kim Kardashian,Mark Ballas,7,11,27,100.0,Entertainment,3,Veteran Stars,4.914306282189319,-5.07139540442813
Rocco DiSpirito,Karina Smirnoff,7,9,41,1.0090458191934135,Entertainment,1,Underdogs,0.714324521118346,0.3179744866575072
Brooke Burke,Derek Hough,7,1,37,6.397665836766245,Entertainment,1,Underdogs,-0.2687645555108781,-1.1018022448408107
Gilles Marini,Cheryl Burke,8,2,33,1.8689020987226783,Entertainment,1,Underdogs,-0.32675290369371623,-0.9784438566790542
Denise Richards,Maksim Chmerkoskiy,8,12,38,32.362655990100514,Entertainment,3,Veteran Stars,1.9231911519113998,-1.7665368863462036
David Alan Grier,Kym Johnson,8,9,52,13.467361080575625,Entertainment,1,Underdogs,1.1005616021637015,0.22702093543851412
Lawrence Taylor,Edyta Sliwinska,8,7,50,13.761941472636572,Sports,3,Veteran Stars,1.0193792433283781,0.39058783037123823
Ty Murray,Chelsie Hightower,8,4,39,3.144870744462047,Sports,2,Fast Learners,-0.5572998028313338,1.3223271310810711
Shawn Johnson,Mark Ballas,8,1,17,0.5908259621021102,Sports,2,Fast Learners,-1.8228760525976997,-0.6849745143233671
Steve Wozniak,Karina Smirnoff,8,10,58,18.10594851009501,Other,3,Veteran Stars,1.9127575599183666,-0.09535118749472811
Belinda Carlisle,Jonathan Roberts,8,13,50,14.693452442126612,Entertainment,3,Veteran Stars,2.017498663733452,0.044044608315061885
Chuck Wicks,Julianne Hough,8,6,29,0.7645768769743092,Entertainment,1,Underdogs,-0.5717922746542812,0.10803191599116954
Lil' Kim,Derek Hough,8,5,34,9.947851308972991,Entertainment,1,Underdogs,0.08270033896702668,-0.5090657477122126
Steve-O,Lacey Schwimmer,8,8,34,9.55140885765408,Entertainment,1,Underdogs,0.9880404018026817,-0.18684753051061875
Holly Madison,Dmitry Chaplin,8,11,30,6.850542210570602,Entertainment,0,Fast Learners,0.7472724307692663,-0.9867515353570354
Melissa Rycroft,Tony Dovolani,8,3,26,1.2036374772241378,Entertainment,1,Underdogs,-0.8737423867031919,-0.8521045112565708
Debi Mazar,Maksim Chmerkoskiy,9,12,45,10.034726766409092,Entertainment,3,Veteran Stars,0.9572883319206554,-2.41766243027141
Melissa Joan Hart,Mark Ballas,9,9,33,18.02539552530251,Entertainment,1,Underdogs,-0.34507296009402105,-1.1862030549801381
Mark Dacascos,Lacey Schwimmer,9,6,45,7.945266640526841,Entertainment,0,Fast Learners,-1.5172407575862614,-1.5273769406170217
Chuck Liddell,Anna Trebunskaya,9,11,39,8.89504253098727,Sports,2,Fast Learners,-0.21588971905070112,-1.9492500743839634
Natalie Coughlin,Alec Mazo,9,10,27,0.6051100669635714,Sports,2,Fast Learners,-1.9262162389671569,-1.9837060950631538
Louie Vito,Chelsie Hightower,9,8,21,0.167454460634542,Sports,2,Fast Learners,-2.6870829059851338,-1.5105972318089917
Michael Irvin,Anna Demidova,9,7,43,7.43736133815784,Sports,2,Fast Learners,-0.5412313209115929,0.39139385819837375
Joanna Krupa,Derek Hough,9,4,30,2.8748777460150854,Media,1,Underdogs,-3.0538268089899976,-2.2823040961006518
Kathy Ireland,Tony Dovolani,9,14,46,3.862120141030167,Media,3,Veteran Stars,1.0364087945144858,-1.7591918247867584
Tom DeLay,Cheryl Burke,9,13,62,1.7497117811081917,Other,3,Veteran Stars,1.1263177146850796,-1.5780318565224285
Aaron Carter,Karina Smirnoff,9,5,21,28.66799030970489,Entertainment,1,Underdogs,-1.912965264498849,-3.2256448496439423
Mya,Dmitry Chaplin,9,2,29,9.632781422233716,Entertainment,1,Underdogs,-1.2623957109318533,-2.6503197450606937
Donny Osmond,Kym Johnson,9,1,51,9.632781422233716,Entertainment,0,Fast Learners,-0.5283643295406782,-2.0706490930426606
Kelly Osbourne,Louis van Amstel,9,3,24,6.435366506974363,Entertainment,1,Underdogs,-1.925340734354975,-2.2337794396318733
Aiden Turner,Edyta Sliwinska,10,9,32,0.701820481845267,Entertainment,1,Underdogs,0.3716944039493258,0.7785261293623376
Shannen Doherty,Mark Ballas,10,11,38,8.572830591817263,Entertainment,1,Underdogs,0.8080256641542686,0.6891110574886299
Niecy Nash,Louis van Amstel,10,5,40,8.572830591817263,Entertainment,0,Fast Learners,0.1761730776724093,0.20920163042762555
Chad Ochocinco,Cheryl Burke,10,4,32,0.1887635351000004,Sports,2,Fast Learners,-1.9582999389353266,1.1595814520575247
Evan Lysacek,Anna Trebunskaya,10,2,24,3.157047358442309,Sports,2,Fast Learners,-1.2723540515616192,-0.7774840912051331
Pamela Anderson,Damian Whitewood,10,6,42,6.714257800253056,Media,1,Underdogs,-0.3282013867567265,0.15309523205385064
Nicole Scherzinger,Derek Hough,10,1,31,9.632781422233716,Entertainment,0,Fast Learners,-1.1533884756795634,-1.1003857738553382
Erin Andrews,Maksim Chmerkoskiy,10,3,32,10.172182004993973,Sports,2,Fast Learners,-1.4962124114125872,-0.028501768100499595
Kate Gosselin,Tony Dovolani,10,8,35,6.435366506974363,Entertainment,3,Veteran Stars,1.3622600040551824,-0.23632808963461557
Jake Pavelka,Chelsie Hightower,10,7,32,6.435366506974363,Entertainment,0,Fast Learners,-0.1184886206227786,-0.10526403677663665
Florence Henderson,Corky Ballas,11,8,76,7.7251509262682605,Entertainment,3,Veteran Stars,2.684538842754364,0.27195362290982356
Kyle Massey,Lacey Schwimmer,11,2,19,8.572830591817263,Entertainment,1,Underdogs,-1.5365717513475152,-0.6176420711321133
Jennifer Grey,Derek Hough,11,1,50,8.572830591817263,Entertainment,1,Underdogs,0.32784679929945226,-0.7083909648290929
Rick Fox,Cheryl Burke,11,6,41,3.157047358442309,Sports,2,Fast Learners,-1.1258178324399752,0.18345558959124433
Kurt Warner,Anna Trebunskaya,11,5,39,38.819071387480925,Sports,3,Veteran Stars,0.9126637437792051,-0.9120527666881126
Margaret Cho,Louis van Amstel,11,10,41,6.031899086051454,Entertainment,0,Fast Learners,0.9416378925436688,1.0656945793569923
Michael Bolton,Chelsie Hightower,11,11,57,9.632781422233716,Entertainment,3,Veteran Stars,2.423637620212885,-2.170526049163819
Brandy,Maksim Chmerkoskiy,11,4,31,9.632781422233716,Entertainment,1,Underdogs,-1.2613175662211134,-0.2948524726705379
The Situation,Karina Smirnoff,11,9,28,0.0128704381386813,Entertainment,1,Underdogs,0.008378469353395934,0.42491052158662646
Audrina Patridge,Tony Dovolani,11,7,25,6.435366506974363,Entertainment,0,Fast Learners,-1.3922824893223156,0.8041425875813528
Bristol Palin,Mark Ballas,11,3,19,6.435366506974363,Entertainment,0,Fast Learners,-1.4144677965060144,0.42273456292338374
Ralph Macchio,Karina Smirnoff,12,4,49,8.572830591817263,Entertainment,1,Underdogs,0.7781571430923256,-1.1863947777129131
Chelsea Kane,Mark Ballas,12,3,22,3.127308320452054,Entertainment,0,Fast Learners,-2.138392377245244,0.4850627624909219
Kirstie Alley,Maksim Chmerkoskiy,12,2,60,8.572830591817263,Entertainment,1,Underdogs,0.8125239252137163,-0.36260456207242864
Hines Ward,Kym Johnson,12,1,35,3.157047358442309,Sports,2,Fast Learners,-1.004341548530111,0.05673209440725199
Sugar Ray Leonard,Anna Trebunskaya,12,9,54,3.157047358442309,Sports,2,Fast Learners,0.47908597470309194,1.1493120035677729
Chris Jericho,Cheryl Burke,12,7,40,16.178296850758162,Sports,2,Fast Learners,0.20137829050578895,-0.198027838369035
Petra Nemcova,Dmitry Chaplin,12,8,31,6.714257800253056,Media,1,Underdogs,-0.4108573895982893,0.6409102993837282
Mike Catherwood,Lacey Schwimmer,12,11,32,7.407856465821052,Other,0,Fast Learners,-0.26589527817107095,2.890845629759872
Romeo,Chelsie Hightower,12,5,21,9.632781422233716,Entertainment,1,Underdogs,-0.7076682163614532,-0.03800244122446428
Wendy Williams,Tony Dovolani,12,10,46,40.01074039797233,Entertainment,3,Veteran Stars,3.1647156353431627,-0.5544098459375555
Kendra Wilkinson,Louis van Amstel,12,6,25,6.435366506974363,Entertainment,0,Fast Learners,-0.5252593991354223,0.22795152657113896
Elisabetta Canalis,Valentin Chmerkovskiy,13,11,33,8.572830591817263,Entertainment,1,Underdogs,-0.5012622186773508,3.88389150558262
David Arquette,Kym Johnson,13,6,40,8.572830591817263,Entertainment,1,Underdogs,0.312220762966015,0.3914942763544773
Ricki Lake,Derek Hough,13,3,42,7.985777298576559,Entertainment,1,Underdogs,-0.17616601565682732,0.17072512948374796
J.R. Martinez,Karina Smirnoff,13,1,28,8.572830591817263,Entertainment,1,Underdogs,-0.6381198599426671,-0.5824669175641802
Hope Solo,Maksim Chmerkoskiy,13,4,30,3.157047358442309,Sports,2,Fast Learners,-1.2281645642023842,-0.28897098332885846
Chynna Phillips,Tony Dovolani,13,9,43,13.45237447875376,Entertainment,0,Fast Learners,0.5294018312879524,-1.0372938168548151
Kristin Cavallari,Mark Ballas,13,10,24,6.435366506974363,Entertainment,0,Fast Learners,-0.6818986120355917,0.8937116023554659
Carson Kressley,Anna Trebunskaya,13,8,41,6.435366506974363,Entertainment,1,Underdogs,0.7231080764583881,0.3369112570498054
Chaz Bono,Lacey Schwimmer,13,7,42,6.435366506974363,Entertainment,0,Fast Learners,0.794198826131377,0.3020241799130556
Nancy Grace,Tristan MacManus,13,5,51,12.65714791958127,Entertainment,3,Veteran Stars,1.4851835040063637,0.42754678131518564
Rob Kardashian,Cheryl Burke,13,2,24,6.435366506974363,Entertainment,0,Fast Learners,-1.108681042001202,1.0032387094006092
William Levy,Cheryl Burke,14,3,31,8.572830591817263,Entertainment,1,Underdogs,-1.0243296148673822,-0.7341397861123791
Jack Wagner,Anna Trebunskaya,14,11,52,8.572830591817263,Entertainment,1,Underdogs,1.09815975485444,-0.834789638344607
Sherri Sheperd,Valentin Chmerkovskiy,14,10,44,8.572830591817263,Entertainment,1,Underdogs,0.9516429978219237,-1.5345900683059914
Jaleel White,Kym Johnson,14,7,35,8.572830591817263,Entertainment,0,Fast Learners,-1.8065219188542476,-0.6964190740405551
Roshon Fegan,Chelsie Hightower,14,6,20,8.572830591817263,Entertainment,0,Fast Learners,-0.6489489047394033,-1.1682534643997309
Melissa Gilbert,Maksim Chmerkoskiy,14,5,47,8.572830591817263,Entertainment,0,Fast Learners,0.12050169652585309,0.10595400695821543
Martina Navratilova,Tony Dovolani,14,12,55,7.948779125328841,Sports,3,Veteran Stars,1.3222927058278735,-2.1976103348013716
Donald Driver,Peta Murgatroyd,14,1,37,3.157047358442309,Sports,2,Fast Learners,-1.2947062119862298,0.08218271982833934
Gavin DeGraw,Karina Smirnoff,14,9,35,9.632781422233716,Entertainment,1,Underdogs,0.45499748302322585,-0.7437134224561811
Gladys Knight,Tristan MacManus,14,8,67,9.632781422233716,Entertainment,3,Veteran Stars,1.5021243262579247,-0.7547667613120445
Katherine Jenkins,Mark Ballas,14,2,31,6.878407923333125,Entertainment,1,Underdogs,-1.381027308376061,-1.115685425566714
Maria Menounos,Derek Hough,14,4,33,6.435366506974363,Entertainment,1,Underdogs,-0.30791226712420455,-0.25049755507759613
Gilles Marini,Peta Murgatroyd,15,6,36,1.8689020987226783,Entertainment,1,Underdogs,-0.7837754292841009,-0.3631451064873748
Sabrina Bryan,Louis van Amstel,15,8,28,2.600201434498793,Entertainment,0,Fast Learners,-1.0668856951782284,-0.10291770449156555
Kirstie Alley,Maksim Chmerkoskiy,15,7,61,8.572830591817263,Entertainment,1,Underdogs,1.0616037120874842,0.6063317863158825
Kelly Monaco,Valentin Chmerkovskiy,15,3,36,3.457716057493392,Entertainment,1,Underdogs,-0.9354570760847077,0.06169179130336733
Apolo Anton Ohno,Karina Smirnoff,15,5,30,0.2487099423874437,Sports,2,Fast Learners,-1.9021998531578868,0.05510355373456014
Emmitt Smith,Cheryl Burke,15,4,43,10.6084326174022,Sports,2,Fast Learners,-1.0149984615831373,-0.6881610158991304
Shawn Johnson,Derek Hough,15,2,20,0.5908259621021102,Sports,2,Fast Learners,-2.4976995256862287,-0.009267579307073507
Helio Castroneves,Chelsie Hightower,15,10,37,0.0566941065448519,Sports,2,Fast Learners,-0.8355424946909095,0.6311178632540475
Joey Fatone,Kym Johnson,15,12,35,7.54882418920793,Entertainment,1,Underdogs,0.39110983351059986,0.2830815886786833
Drew Lachey,Anna Trebunskaya,15,11,36,2.985169768797843,Entertainment,1,Underdogs,0.25748128937942777,-0.1318963847183564
Bristol Palin,Mark Ballas,15,9,21,6.435366506974363,Entertainment,0,Fast Learners,-0.9097214887840588,0.41878469078850955
Melissa Rycroft,Tony Dovolani,15,1,29,1.2036374772241378,Entertainment,0,Fast Learners,-1.683315474876629,0.338603867953604
Ingo Rademacher,Kym Johnson,16,5,41,8.572830591817263,Entertainment,1,Underdogs,0.5898323007715303,-0.18533579747654902
Zendaya,Valentin Chmerkovskiy,16,2,16,8.572830591817263,Entertainment,0,Fast Learners,-1.1597017974682087,-1.2903939583506914
Dorothy Hamill,Tristan MacManus,16,12,56,8.141497458131832,Sports,3,Veteran Stars,1.0156771200166579,-3.8897749347843997
Victor Ortiz,Lindsay Arnold,16,8,26,3.157047358442309,Sports,2,Fast Learners,-0.7267738287299211,0.08067856085139706
Alexandra Raisman,Mark Ballas,16,4,18,3.157047358442309,Sports,2,Fast Learners,-2.089195446359367,-0.0023456593098663816
Jacoby Jones,Karina Smirnoff,16,3,28,3.157047358442309,Sports,2,Fast Learners,-1.322450678880746,0.0782776229951887
D. L. Hughley,Cheryl Burke,16,9,50,3.489094255057913,Entertainment,0,Fast Learners,0.9423183850280934,2.177885636591395
Andy Dick,Sharna Burgess,16,7,47,6.031899086051454,Entertainment,3,Veteran Stars,1.1642162528502213,0.05733811050846605
Wynonna Judd,Tony Dovolani,16,11,48,9.632781422233716,Entertainment,3,Veteran Stars,1.653632301979722,-1.2408315763247895
Kellie Pickler,Derek Hough,16,1,26,9.632781422233716,Entertainment,1,Underdogs,-0.4626460758083636,-0.48047069137478626
Lisa Vanderpump,Gleb Savchenko,16,10,52,11.86871216435931,Entertainment,3,Veteran Stars,1.8171509181161398,-0.20545472632039627
Sean Lowe,Peta Murgatroyd,16,6,29,6.435366506974363,Entertainment,0,Fast Learners,0.021569281449135037,-0.23977894324876706
Valerie Harper,Tristan MacManus,17,10,74,8.572830591817263,Entertainment,3,Veteran Stars,2.2932639318956998,-1.186414474778863
Brant Daugherty,Peta Murgatroyd,17,7,28,3.138782437471916,Entertainment,1,Underdogs,-1.103454147711435,-0.0997514734284195
Elizabeth Berkley Lauren,Valentin Chmerkovskiy,17,6,39,8.572830591817263,Entertainment,1,Underdogs,-0.048593123913476595,-1.0147018588492744
Leah Remini,Tony Dovolani,17,5,43,8.572830591817263,Entertainment,1,Underdogs,0.39507482910891945,-0.4130238077549781
Corbin Bleu,Karina Smirnoff,17,2,24,8.572830591817263,Entertainment,1,Underdogs,-0.5608250769033692,-1.2251161874819185
Amber Riley,Derek Hough,17,1,27,4.968084522352803,Entertainment,0,Fast Learners,-1.4067642598419154,-1.47022906438983
Keyshawn Johnson,Sharna Burgess,17,12,41,3.157047358442309,Sports,2,Fast Learners,0.43633789712877263,0.46467257329754225
Bill Engvall,Emma Slater,17,4,56,6.031899086051454,Entertainment,3,Veteran Stars,1.2161552378560954,0.19756010226235263
Christina Milian,Mark Ballas,17,9,31,9.632781422233716,Entertainment,1,Underdogs,-0.17094026635817477,-0.4514306057530568
"Nicole ""Snooki"" Polizzi",Sasha Farber,17,8,25,0.0857306475747072,Entertainment,1,Underdogs,-1.3819729018310352,-0.0654695460627542
Jack Osbourne,Cheryl Burke,17,3,27,6.435366506974363,Entertainment,1,Underdogs,-0.6344743678788667,-0.7598927573993007
Bill Nye,Tyne Stecklein,17,11,57,6.435366506974363,Entertainment,3,Veteran Stars,1.9823063317317635,1.07479703611897
Billy Dee Williams,Emma Slater,18,10,76,8.572830591817263,Entertainment,3,Veteran Stars,3.650354512374976,0.254235851196725
Danica McKellar,Valentin Chmerkovskiy,18,6,39,29.59458380047213,Entertainment,0,Fast Learners,0.842930805287235,-1.79350900641025
James Maslow,Peta Murgatroyd,18,4,23,8.572830591817263,Entertainment,1,Underdogs,-0.5586828122409185,-0.5811864512854941
Candace Cameron Bure,Mark Ballas,18,3,37,8.572830591817263,Entertainment,0,Fast Learners,-0.4292694831839136,-1.2072235357249068
Sean Avery,Karina Smirnoff,18,11,33,3.157047358442309,Sports,2,Fast Learners,-0.054605127287705474,-0.05766939319148229
Charlie White,Sharna Burgess,18,5,26,3.157047358442309,Sports,2,Fast Learners,-1.5180543959296606,-1.525313276339582
Amy Purdy,Derek Hough,18,2,34,3.157047358442309,Sports,2,Fast Learners,-1.296251811013298,-0.7164143984567762
Meryl Davis,Maksim Chmerkoskiy,18,1,27,3.157047358442309,Sports,2,Fast Learners,-1.4226671342912236,-0.8414406037013257
Drew Carey,Cheryl Burke,18,8,55,15.59592687058679,Entertainment,3,Veteran Stars,1.6412789149411722,-0.6829333870368046
Cody Simpson,Witney Carson,18,9,17,9.632781422233716,Entertainment,1,Underdogs,-0.6042574396756212,-0.774506023984176
NeNe Leakes,Tony Dovolani,18,7,46,6.435366506974363,Entertainment,1,Underdogs,0.5241660656485538,-0.18141699708438186
Antonio Sabato Jr.,Cheryl Burke,19,8,42,8.572830591817263,Entertainment,1,Underdogs,1.1558871525029677,-0.3903368216930131
Jonathan Bennett,Allison Holker,19,9,33,0.0477958117131221,Entertainment,1,Underdogs,-0.5622395613433845,-0.9028392349440665
Lea Thompson,Artem Chigvintsev,19,6,53,8.572830591817263,Entertainment,1,Underdogs,0.8808415055922466,-1.1743337578142936
Janel Parrish,Valentin Chmerkovskiy,19,3,25,8.572830591817263,Entertainment,0,Fast Learners,-0.924066228942086,-0.6494816046299648
Alfonso Ribeiro,Witney Carson,19,1,42,8.572830591817263,Entertainment,1,Underdogs,-0.30542131192770333,-1.4801202226257772
Randy Couture,Karina Smirnoff,19,11,51,3.157047358442309,Sports,2,Fast Learners,0.19563142846884396,-2.0122756554750754
Tommy Chong,Peta Murgatroyd,19,5,76,6.031899086051454,Entertainment,3,Veteran Stars,2.1235620253796603,-0.10746377377265554
Michael Waltrip,Emma Slater,19,7,51,1.449043082057109,Sports,2,Fast Learners,0.11088474564905274,0.17295575796218376
Tavis Smiley,Sharna Burgess,19,12,50,7.407856465821052,Other,3,Veteran Stars,1.1681032473098776,-1.4543607509990304
Bethany Mota,Derek Hough,19,4,18,18.224904662056034,Other,0,Fast Learners,-1.132959548324027,-1.6137524359962299
Sadie Robertson,Mark Ballas,19,2,17,6.435366506974363,Entertainment,1,Underdogs,-1.2734842875407761,-1.4812720813652773
Suzanne Somers,Tony Dovolani,20,9,68,13.069279469682442,Entertainment,3,Veteran Stars,2.3966383025479265,-0.22762154207046706
Willow Shields,Mark Ballas,20,7,14,8.572830591817263,Entertainment,0,Fast Learners,-1.400831747837038,0.37128508856005865
Riker Lynch,Allison Holker,20,2,23,8.572830591817263,Entertainment,0,Fast Learners,-0.9564007266038854,-0.8850668765516283
Rumer Willis,Valentin Chmerkovskiy,20,1,26,8.572830591817263,Entertainment,1,Underdogs,-0.7627656230223773,-0.9910297397042089
Nastia Liukin,Derek Hough,20,4,25,1.5185902811366818,Sports,2,Fast Learners,-1.5856797491071462,-0.27994147117037005
Michael Sam,Peta Murgatroyd,20,10,25,3.157047358442309,Sports,2,Fast Learners,-0.9658437079019994,-0.13761042169571067
Robert Herjavec,Kym Johnson,20,6,52,18.10594851009501,Other,3,Veteran Stars,0.8933508561608501,-0.6922250013081145
Charlotte McKinney,Keo Motsepe,20,11,21,6.714257800253056,Media,1,Underdogs,0.0018598528015484979,-0.24428967159193316
Noah Galloway,Sharna Burgess,20,3,33,0.2908597600114272,Other,2,Fast Learners,-1.17240810674091,0.46182387480128856
Redfoo,Emma Slater,20,12,39,9.632781422233716,Entertainment,0,Fast Learners,-0.8127167871254728,4.087414457520171
Patti LaBelle,Artem Chigvintsev,20,8,70,9.632781422233716,Entertainment,3,Veteran Stars,1.596426964952335,0.6301372516632843
Chris Soules,Witney Carson,20,5,33,6.435366506974363,Entertainment,1,Underdogs,-0.3592852330097975,0.24244798423163894
Gary Busey,Anna Trebunskaya,21,10,71,25.449383402806813,Entertainment,3,Veteran Stars,3.4231750935045113,0.09214803865664807
Alexa PenaVega,Mark Ballas,21,6,27,8.572830591817263,Entertainment,1,Underdogs,-0.9588376737130002,-0.4384319402075064
Carlos PenaVega,Witney Carson,21,4,26,8.572830591817263,Entertainment,1,Underdogs,-0.9050495314595006,-0.630829708449846
Victor Espinoza,Karina Smirnoff,21,12,43,3.157047358442309,Sports,2,Fast Learners,0.00028657082165479963,2.5843377468220963
Alek Skarlatos,Lindsay Arnold,21,3,22,2.0089331594956903,Other,2,Fast Learners,-1.5200257279661542,-0.5209706826210766
Chaka Khan,Keo Motsepe,21,13,62,9.632781422233716,Entertainment,3,Veteran Stars,2.5528461798440625,1.771843828767324
Andy Grammer,Allison Holker,21,7,31,9.632781422233716,Entertainment,0,Fast Learners,-0.6681919202023123,-0.2282058078744229
Tamar Braxton,Valentin Chmerkovskiy,21,5,38,9.632781422233716,Entertainment,1,Underdogs,-0.0825873545271111,-0.8976799295456803
Nick Carter,Sharna Burgess,21,2,35,21.173752736160615,Entertainment,1,Underdogs,0.09606925492886281,-1.3803779562981766
Hayes Grier,Emma Slater,21,8,15,18.224904662056034,Other,2,Fast Learners,-1.0235379517686853,-0.7982958868942025
Bindi Irwin,Derek Hough,21,1,17,6.435366506974363,Entertainment,1,Underdogs,-1.3065359806538612,-0.9189006079248266
Kim Zolciak-Biermann,Tony Dovolani,21,11,37,6.435366506974363,Entertainment,0,Fast Learners,-0.3798842171897019,4.817642175841332
Paula Deen,Louis van Amstel,21,9,68,6.435366506974363,Entertainment,3,Veteran Stars,2.2919067183309316,0.8878842016850335
Mischa Barton,Artem Chigvintsev,22,11,30,8.572830591817263,Entertainment,1,Underdogs,0.7899281161388148,0.4337157613314429
Kim Fields,Sasha Farber,22,8,46,8.572830591817263,Entertainment,1,Underdogs,0.5621725482679829,0.05703029559785562
Jodie Sweetin,Keo Motsepe,22,6,34,8.572830591817263,Entertainment,0,Fast Learners,-0.5781335934180925,0.2099124532225459
Doug Flutie,Karina Smirnoff,22,9,53,24.736114822347623,Sports,3,Veteran Stars,1.5636308684456142,0.3659099568829705
Von Miller,Witney Carson,22,7,27,3.157047358442309,Sports,2,Fast Learners,-1.2823302506354912,-0.1257024100212811
Antonio Brown,Sharna Burgess,22,5,27,3.157047358442309,Sports,2,Fast Learners,-1.8738527443546174,0.21015900560830178
Paige VanZant,Mark Ballas,22,2,22,3.157047358442309,Sports,2,Fast Learners,-1.9070301103426945,-0.06900294462298723
Geraldo Rivera,Edyta Sliwinska,22,12,72,9.760518786199734,Other,3,Veteran Stars,3.3009866056692423,0.5633817875857194
Nyle DiMarco,Peta Murgatroyd,22,1,26,6.714257800253056,Media,1,Underdogs,-1.174211544719748,-0.5542779320514742
Ginger Zee,Valentin Chmerkovskiy,22,3,35,0.0609090883072503,Media,0,Fast Learners,-1.298913540662612,-0.20124819615174905
Wanya Morris,Lindsay Arnold,22,4,42,9.632781422233716,Entertainment,1,Underdogs,0.061786017302011206,-0.6684107333925983
Marla Maples,Tony Dovolani,22,10,52,38.74460670967856,Entertainment,3,Veteran Stars,3.031719359916246,-2.021586681082656
Jake T. Austin,Jenna Johnson,23,13,21,8.572830591817263,Entertainment,1,Underdogs,0.4069145148545521,0.44189028435904715
Maureen McCormick,Artem Chigvintsev,23,8,60,8.572830591817263,Entertainment,0,Fast Learners,1.1882256803413729,1.0055024752066708
Marilu Henner,Derek Hough,23,6,64,8.572830591817263,Entertainment,3,Veteran Stars,1.2847646446575762,0.1470255307654503
Ryan Lochte,Cheryl Burke,23,7,32,3.016547966362364,Sports,2,Fast Learners,-1.0935861576869839,0.8065251288948193
Calvin Johnson Jr.,Lindsay Arnold,23,3,30,3.157047358442309,Sports,2,Fast Learners,-1.4781983017252294,0.4015146162733189
Laurie Hernandez,Valentin Chmerkovskiy,23,1,16,3.157047358442309,Sports,2,Fast Learners,-2.401718099316181,-0.5027207604769572
Amber Rose,Maksim Chmerkoskiy,23,9,32,6.714257800253056,Media,1,Underdogs,-0.3107110178143769,0.471961150839529
Rick Perry,Emma Slater,23,12,66,5.945023628615355,Other,3,Veteran Stars,1.9884108161256702,1.1037818770960566
James Hinchcliffe,Sharna Burgess,23,2,29,0.0566941065448519,Sports,2,Fast Learners,-2.131756494276043,-0.09809475916654078
Babyface,Allison Holker,23,11,57,9.632781422233716,Entertainment,3,Veteran Stars,1.7391488250785274,-0.9305268020891567
Vanilla Ice,Witney Carson,23,10,48,9.632781422233716,Entertainment,0,Fast Learners,0.8473335690320347,0.24313710936707153
Jana Kramer,Gleb Savchenko,23,4,32,24.53894734212877,Entertainment,1,Underdogs,-0.018069548085154662,-0.46187212881333484
Terra Jole,Sasha Farber,23,5,36,6.435366506974363,Entertainment,0,Fast Learners,-0.27020819495731824,0.30373917178863585
Charo,Keo Motsepe,24,11,66,8.572830591817263,Entertainment,3,Veteran Stars,2.436915818243329,0.9279953206887874
Mr. T,Kym Herjavec,24,10,64,8.572830591817263,Entertainment,3,Veteran Stars,1.8457505314525924,1.670890283369666
Heather Morris,Maksim Chmerkoskiy,24,8,30,3.977797973842655,Entertainment,0,Fast Learners,-0.6399428511728418,0.015157608475849496
Nancy Kerrigan,Artem Chigvintsev,24,7,47,3.157047358442309,Sports,2,Fast Learners,-0.3980469910796358,0.21399569367211424
Bonner Bolton,Sharna Burgess,24,5,29,3.157047358442309,Sports,2,Fast Learners,-0.8795317195362424,0.654639657733
Simone Biles,Sasha Farber,24,4,20,3.157047358442309,Sports,2,Fast Learners,-2.010563997162556,-0.6368722670276504
David Ross,Lindsay Arnold,24,2,40,0.0396000138417919,Sports,2,Fast Learners,-0.7274316444044896,-0.011405770995865438
Rashad Jennings,Emma Slater,24,1,32,3.157047358442309,Sports,2,Fast Learners,-1.6109050914618017,-0.3601778657573795
Chris Kattan,Witney Carson,24,12,46,6.031899086051454,Entertainment,0,Fast Learners,0.8662175750332185,2.9060841041974146
Erika Jayne,Gleb Savchenko,24,9,45,9.632781422233716,Entertainment,1,Underdogs,0.7718875550504101,0.5301547970712207
Normani,Valentin Chmerkovskiy,24,3,20,6.929221870135372,Entertainment,1,Underdogs,-1.1863887562847482,-0.05555697302425826
Nick Viall,Peta Murgatroyd,24,6,36,6.435366506974363,Entertainment,1,Underdogs,-0.054686748707874384,0.6873706042068073
Sasha Pieterse,Gleb Savchenko,25,10,21,8.572830591817263,Entertainment,1,Underdogs,-0.46265333879233406,0.4259714195650067
Frankie Muniz,Witney Carson,25,3,31,8.572830591817263,Entertainment,1,Underdogs,-0.5053238902927073,0.20049634289098303
Jordan Fisher,Lindsay Arnold,25,1,23,8.572830591817263,Entertainment,1,Underdogs,-0.900624296076278,-0.5805167943590416
Derek Fisher,Sharna Burgess,25,11,43,3.157047358442309,Sports,2,Fast Learners,-0.22221017127283949,1.0062827721775465
Nikki Bella,Artem Chigvintsev,25,8,33,3.157047358442309,Sports,2,Fast Learners,-1.3522984564601421,0.38729563913093284
Terrell Owens,Cheryl Burke,25,6,43,3.157047358442309,Sports,2,Fast Learners,-0.7078367100546876,1.676607945020511
Victoria Arlen,Valentin Chmerkovskiy,25,5,22,2.6781785971031624,Sports,2,Fast Learners,-1.7706695077256902,0.3117819133361346
Barbara Corcoran,Keo Motsepe,25,13,68,18.10594851009501,Other,3,Veteran Stars,2.2658243070666706,2.065884296596899
Debbie Gibson,Alan Bersten,25,12,47,9.632781422233716,Entertainment,1,Underdogs,0.8464219597311432,1.9375793791159797
Nick Lachey,Peta Murgatroyd,25,9,43,25.836225062333593,Entertainment,3,Veteran Stars,1.8077358789375781,-0.7005116195437879
Drew Scott,Emma Slater,25,4,39,6.435366506974363,Entertainment,1,Underdogs,0.1575847249246842,0.9108963954459726
Vanessa Lachey,Maksim Chmerkoskiy,25,7,36,6.435366506974363,Entertainment,1,Underdogs,0.11215141951033292,-0.18806832639201057
Kareem Abdul-Jabbar,Lindsay Arnold,26,8,71,3.157047358442309,Sports,2,Fast Learners,0.3997371085244742,3.6086347907499507
Arike Ogunbowale,Gleb Savchenko,26,7,21,3.157047358442309,Sports,2,Fast Learners,-2.6009582942890104,3.3516692289062116
Jennie Finch Daigle,Keo Motsepe,26,6,37,3.157047358442309,Sports,2,Fast Learners,-0.3490152684270762,-0.5223057060803391
Chris Mazdzer,Witney Carson,26,5,29,0.1154696855649623,Sports,2,Fast Learners,-1.2457660779302655,0.5538105083568721
Mirai Nagasu,Alan Bersten,26,4,25,3.157047358442309,Sports,2,Fast Learners,-1.6930785490067182,-0.09923312679759141
Tonya Harding,Sasha Farber,26,3,47,3.157047358442309,Sports,2,Fast Learners,-0.6261902347327873,0.12027038296035618
Josh Norman,Sharna Burgess,26,2,30,3.157047358442309,Sports,2,Fast Learners,-1.667963917588345,0.005622856199156468
Adam Rippon,Jenna Johnson,26,1,28,1.7817924756331125,Sports,2,Fast Learners,-1.8421825209953193,0.048245251002810345
Juan Pablo Di Pace,Cheryl Burke,27,5,39,8.572830591817263,Entertainment,1,Underdogs,-0.13835750044194461,-0.30705951980456025
Evanna Lynch,Keo Motsepe,27,3,27,8.572830591817263,Entertainment,1,Underdogs,-0.6919141166768285,0.6094548781248982
Nancy McKeon,Valentin Chmerkovskiy,27,11,52,8.572830591817263,Entertainment,3,Veteran Stars,1.4235533204897601,0.1533092441703116
John Schneider,Emma Slater,27,8,58,0.0808131688519092,Entertainment,1,Underdogs,0.728721545501517,0.8822267301228355
Milo Manheim,Witney Carson,27,2,17,8.572830591817263,Entertainment,0,Fast Learners,-1.1393451257530058,-0.2730004240119146
Danelle Umstead,Artem Chigvintsev,27,12,46,3.157047358442309,Sports,2,Fast Learners,0.8113912024736922,0.03239418099941706
Mary Lou Retton,Sasha Farber,27,9,50,3.157047358442309,Sports,2,Fast Learners,0.03693185656177998,0.20203537499174926
DeMarcus Ware,Lindsay Arnold,27,7,36,3.157047358442309,Sports,2,Fast Learners,-0.798153292624273,-0.6323735829950902
Bobby Bones,Sharna Burgess,27,1,38,7.407856465821052,Other,2,Fast Learners,-0.41668480417925147,-0.008172579431250944
Tinashe,Brandon Armstrong,27,10,25,9.632781422233716,Entertainment,1,Underdogs,-0.34579579619651934,-0.8398096888233555
Alexis Ren,Alan Bersten,27,4,21,5.534765403741916,Other,2,Fast Learners,-1.4227613704111692,-0.5670970672099419
Joe Amabile,Jenna Johnson,27,6,32,6.435366506974363,Entertainment,1,Underdogs,-0.04486416064152971,1.39348791671868
Kate Flannery,Pasha Pashkov,28,7,55,8.572830591817263,Entertainment,1,Underdogs,0.8618935022321205,1.4012613344009672
James Van Der Beek,Emma Slater,28,5,42,8.572830591817263,Entertainment,1,Underdogs,-0.2593184663032344,0.030140431284295163
Kel Mitchell,Witney Carson,28,2,41,5.461003222899944,Entertainment,1,Underdogs,-0.2614087814910337,1.306719245459938
Ray Lewis,Cheryl Burke,28,11,44,3.157047358442309,Sports,2,Fast Learners,1.2577366921869944,0.19571418011242425
Lamar Odom,Peta Murgatroyd,28,10,39,3.157047358442309,Sports,2,Fast Learners,0.6335705312132728,1.7997304439645248
Sailor Brinkley-Cook,Valentin Chmerkovskiy,28,9,21,6.714257800253056,Media,1,Underdogs,-1.2177868202375266,0.8918516050775748
Sean Spicer,Lindsay Arnold,28,6,48,7.227314746998321,Other,3,Veteran Stars,0.7468189979117742,1.6295106879588546
Mary Wilson,Brandon Armstrong,28,12,75,9.632781422233716,Entertainment,3,Veteran Stars,3.161710051316527,-1.1918562676041295
Lauren Alaina,Gleb Savchenko,28,4,24,9.632781422233716,Entertainment,1,Underdogs,-0.7286683161093704,0.08263251785637307
Ally Brooke,Sasha Farber,28,3,26,9.632781422233716,Entertainment,0,Fast Learners,-0.8947975788664866,0.9821169481761729
Karamo Brown,Jenna Johnson,28,8,38,14.82622436764216,Entertainment,0,Fast Learners,0.2681123243435987,0.6409794276230765
Hannah Brown,Alan Bersten,28,1,24,6.435366506974363,Entertainment,1,Underdogs,-0.8876766829238101,-0.06744352908987176
Anne Heche,Keo Motsepe,29,13,51,8.572830591817263,Entertainment,3,Veteran Stars,1.1766532163573182,0.21309095707118736
Jesse Metcalfe,Sharna Burgess,29,12,41,8.572830591817263,Entertainment,0,Fast Learners,1.0942572271532829,-0.3145767888737502
Chrishell Stause,Gleb Savchenko,29,8,39,16.527672005730295,Entertainment,0,Fast Learners,0.313442186789395,1.625942850589994
Skai Jackson,Alan Bersten,29,5,18,8.572830591817263,Entertainment,1,Underdogs,-2.022708302464307,0.18871358328744128
Justina Machado,Sasha Farber,29,4,48,8.572830591817263,Entertainment,1,Underdogs,0.05331747683641257,0.13938098212109645
Charles Oakley,Emma Slater,29,15,56,3.157047358442309,Sports,2,Fast Learners,1.0698574271702659,2.8796850696428433
Veron Davis,Peta Murgatroyd,29,11,36,3.157047358442309,Sports,2,Fast Learners,-0.3850602223367984,0.5712730910325441
Johnny Weir,Britt Stewart,29,6,36,3.157047358442309,Sports,2,Fast Learners,-1.5464459659812055,1.1141340709005527
AJ McLean,Cheryl Burke,29,7,42,9.632781422233716,Entertainment,0,Fast Learners,0.20598722554762539,0.5201984032409929
Nelly,Daniella Karagach,29,3,45,21.488471374419692,Entertainment,0,Fast Learners,0.6593834082939858,0.6383809901998022
Kaitlyn Bristowe,Artem Chigvintsev,29,1,35,6.435366506974363,Entertainment,1,Underdogs,-0.41779985213175486,0.2152293070274136
Carole Baskin,Pasha Pashkov,29,14,59,6.435366506974363,Entertainment,3,Veteran Stars,2.0909397344520944,1.4782646845052765
Monica Aldama,Valentin Chmerkovskiy,29,10,48,6.435366506974363,Entertainment,0,Fast Learners,0.004790798176590403,0.7259606896363642
Jeannie Mai,Brandon Armstrong,29,9,41,4.494133239736454,Entertainment,0,Fast Learners,-0.04040418936879655,0.744499671880608
Martin Kove,Britt Stewart,30,15,75,8.572830591817263,Entertainment,3,Veteran Stars,3.601152587839124,2.1493224025385795
Brian Austin Green,Sharna Burgess,30,13,48,8.572830591817263,Entertainment,3,Veteran Stars,1.4325613403943487,-0.07537185000012052
Melora Hardin,Artem Chigvintsev,30,6,54,8.572830591817263,Entertainment,0,Fast Learners,0.2605616799113241,0.5851693632982898
Matt James,Lindsay Arnold,30,12,29,0.0054492949402266,Sports,2,Fast Learners,-0.9304905015756856,0.7700951224256951
"Mike ""The Miz"" Mizanin",Witney Carson,30,9,40,3.157047358442309,Sports,2,Fast Learners,-0.5060551244895405,0.7823292983267406
Suni Lee,Sasha Farber,30,5,18,3.157047358442309,Sports,2,Fast Learners,-2.2342088542203253,0.2138937995140711
Iman Shumpert,Daniella Karagach,30,1,31,3.157047358442309,Sports,2,Fast Learners,-1.7048064493891344,1.6435122896394279
Cody Rigsby,Cheryl Burke,30,3,34,0.9200628708761152,Other,0,Fast Learners,-1.5969441719732616,1.1315439293987908
Melanie C,Gleb Savchenko,30,11,47,9.632781422233716,Entertainment,1,Underdogs,0.5893745475613769,0.3741472071170572
Jimmie Allen,Emma Slater,30,7,36,9.632781422233716,Entertainment,0,Fast Learners,-0.3276967026097155,1.058519550235085
Olivia Jade,Valentin Chmerkovskiy,30,8,21,18.224904662056034,Other,0,Fast Learners,-1.3397526052410718,0.2187770462448623
JoJo Siwa,Jenna Johnson,30,2,18,30.915043920370145,Other,1,Underdogs,-0.7102472978927484,-1.1263329727065976
Christine Chiu,Pasha Pashkov,30,14,38,6.435366506974363,Entertainment,1,Underdogs,0.7373230119198322,0.20757934907564213
Kenya Moore,Brandon Armstrong,30,10,50,6.435366506974363,Entertainment,1,Underdogs,0.3764188665147551,0.6686826071566208
Amanda Kloots,Alan Bersten,30,4,39,6.435366506974363,Entertainment,1,Underdogs,-0.2854664374758587,0.013754095571429169
Cheryl Ladd,Louis van Amstel,31,14,71,8.572830591817263,Entertainment,3,Veteran Stars,2.7297872015946827,0.9315116331693332
Selma Blair,Sasha Farber,31,12,50,8.572830591817263,Entertainment,1,Underdogs,-0.029950202506362277,0.812912666642287
Joseph Baena,Daniella Karagach,31,11,24,8.572830591817263,Entertainment,0,Fast Learners,-0.8510954258158514,1.0702464384971462
Trevor Donovan,Emma Slater,31,6,39,9.803371100784116,Entertainment,0,Fast Learners,-0.2820898719655932,1.1291720931244942
Daniel Durant,Britt Stewart,31,5,32,8.572830591817263,Entertainment,1,Underdogs,-0.2752316958076702,-0.049868785918340285
Wayne Brady,Witney Carson,31,3,50,6.031899086051454,Entertainment,1,Underdogs,0.005344402715413541,-0.05888065059419583
Sam Champion,Cheryl Burke,31,13,61,0.0609090883072503,Media,3,Veteran Stars,1.3841642136249865,1.3526067588805615
Jessie James Decker,Alan Bersten,31,10,34,2.95800655299572,Entertainment,1,Underdogs,-0.543989027190026,1.963527943161578
Jordin Sparks,Brandon Armstrong,31,9,32,9.632781422233716,Entertainment,0,Fast Learners,-0.28102284579969794,0.16670923804323062
Heidi D'Amelio,Artem Chigvintsev,31,8,50,18.224904662056034,Other,3,Veteran Stars,0.43014242309660505,0.41100021418265575
Charli D'Amelio,Mark Ballas,31,1,18,18.224904662056034,Other,1,Underdogs,-1.5173299855967635,-1.1182355334182992
Teresa Giudice,Pasha Pashkov,31,15,50,6.75078764219384,Entertainment,3,Veteran Stars,1.5339401442675205,1.5722549886132167
Vinny Guadagnino,Koko Iwasaki,31,7,34,6.435366506974363,Entertainment,1,Underdogs,0.19199300941536562,1.5067017057806718
Shangela,Gleb Savchenko,31,4,40,6.435366506974363,Entertainment,0,Fast Learners,-0.47455393293251813,0.08971597906803115
Gabby Windey,Valentin Chmerkovskiy,31,2,31,6.435366506974363,Entertainment,1,Underdogs,-0.6026081462371955,-0.10516724573500523
Jamie Lynn Spears,Alan Bersten,32,13,32,15.260601654822656,Entertainment,3,Veteran Stars,1.5271218908394666,0.21144202472279172
Mira Sorvino,Gleb Savchenko,32,10,55,8.572830591817263,Entertainment,3,Veteran Stars,1.453309677869528,0.7783639947036023
Barry Williams,Peta Murgatroyd,32,7,68,8.572830591817263,Entertainment,0,Fast Learners,0.9785825091271256,1.6331180895106738
Alyson Hannigan,Sasha Farber,32,5,49,8.572830591817263,Entertainment,0,Fast Learners,0.41274182671309484,1.737387008152659
Xochitl Gomez,Valentin Chmerkovskiy,32,1,17,7.060120470423185,Entertainment,0,Fast Learners,-1.434330404922282,0.3841773528150242
Adrian Peterson,Britt Stewart,32,11,38,3.157047358442309,Sports,2,Fast Learners,-0.5202595954747388,0.6101538349119596
Tyson Beckford,Jenna Johnson,32,12,52,6.714257800253056,Media,3,Veteran Stars,1.2456097795306593,1.9156551933107042
Jason Mraz,Daniella Karagach,32,2,46,5.593072651455092,Entertainment,1,Underdogs,-0.022975528532118806,0.0023640562801188108
Lele Pons,Brandon Armstrong,32,8,27,18.224904662056034,Other,1,Underdogs,-0.6105392614386521,0.2215622096133819
Harry Jowsey,Rylee Arnold,32,6,26,6.435366506974363,Entertainment,1,Underdogs,-0.16934082104518,1.6862147912193244
Mauricio Umansky,Emma Slater,32,9,53,6.435366506974363,Entertainment,1,Underdogs,0.1439466331686917,2.358249508760777
Charity Lawson,Artem Chigvintsev,32,4,27,0.1065713907332324,Entertainment,1,Underdogs,-1.22908646207464,-0.11962641282379215
Ariana Madix,Pasha Pashkov,32,3,38,6.435366506974363,Entertainment,1,Underdogs,-0.616372903648828,0.07223372919059164
Tori Spelling,Pasha Pashkov,33,12,51,8.572830591817263,Entertainment,0,Fast Learners,1.4132660919534448,0.9586217090055791
Eric Roberts,Britt Stewart,33,10,68,8.572830591817263,Entertainment,3,Veteran Stars,2.509563639648519,0.9690677262058016
Reginald VelJohnson,Emma Slater,33,10,74,27.542590179144533,Entertainment,3,Veteran Stars,4.136503135132489,-0.6469747245264164
Chandler Kinney,Brandon Armstrong,33,3,24,8.572830591817263,Entertainment,0,Fast Learners,-1.2144432556690128,-0.5942279330514272
Dwight HowardÂ ,Daniella Karagach,33,6,38,3.157047358442309,Sports,2,Fast Learners,-1.4315242336815204,0.12259967865609377
Danny Amendola,Witney Carson,33,5,39,3.157047358442309,Sports,2,Fast Learners,-0.9602267207296602,0.33147811523077036
Stephen Nedoroscik,Rylee Arnold,33,4,26,5.748324479703432,Sports,2,Fast Learners,-1.4338156516668974,-0.0777163644499409
Ilona Maher,Alan Bersten,33,2,28,3.157047358442309,Sports,2,Fast Learners,-1.5899881623542558,0.7931791644160222
Brooks Nader,Gleb Savchenko,33,9,27,6.714257800253056,Media,1,Underdogs,-0.5876314423225015,0.968172608723429
Phaedra Parks,Val Chmerkovskiy,33,8,51,5.052384157600769,Entertainment,1,Underdogs,0.8234504347670203,0.5330319778755588
Jenn Tran,Sasha Farber,33,7,26,6.435366506974363,Entertainment,0,Fast Learners,-1.379288677756826,1.1772796704185708
Joey Graziadei,Jenna Johnson,33,1,29,6.435366506974363,Entertainment,1,Underdogs,-0.9010721346532933,-0.009008434496224337
Corey Feldman,Jenna Johnson,34,13,54,8.572830591817263,Entertainment,3,Veteran Stars,2.109644921003177,1.2470237624354779
Danielle Fishel,Pasha Pashkov,34,8,44,15.301346478525838,Entertainment,0,Fast Learners,0.24053482128859927,0.580417427336769
Elaine Hendrix,Alan Bersten (Rashad Jennings week 9),34,5,55,8.572830591817263,Entertainment,0,Fast Learners,0.6232971815045155,0.7135983395012495
Baron Davis,Britt Stewart,34,13,46,3.157047358442309,Sports,2,Fast Learners,0.13018948832173619,2.207188593985394
Jordan Chiles,Ezra Sosa (Apolo Anton Ohno week 9),34,3,24,3.157047358442309,Sports,2,Fast Learners,-1.8089902536467952,1.4134379815335245
Andy Richter,Emma Slater/Kaitlyn Bristowe (week 9),34,7,59,8.574703917044994,Entertainment,0,Fast Learners,1.2219100974663966,1.5581378105305268
Hilaria Baldwin,Gleb Savchenko,34,11,41,18.10594851009501,Other,3,Veteran Stars,0.9290854322750077,-0.8754822134998601
Lauren Jauregui,Brandon Armstrong,34,12,29,9.632781422233716,Entertainment,1,Underdogs,0.5951569240052706,-1.2827684731925084
Scott Hoying,Rylee Arnold,34,10,34,24.450198559464937,Entertainment,0,Fast Learners,0.9535805524140257,0.3419356156534262
Jen Affleck,Jan Ravnik,34,9,26,6.435366506974363,Entertainment,0,Fast Learners,-0.4456742120764216,0.2944512265634874
Whitney Leavitt,Mark Ballas,34,6,32,6.435366506974363,Entertainment,0,Fast Learners,-1.1023847166152907,-0.21987038082578278
Dylan Efron,Daniella Karagach (Rumer Willis week 9),34,4,33,0.0,Entertainment,0,Fast Learners,-1.075221006118845,1.6107057428643912
